vehicle_id,fuel_type,transmission,vehicle_segment,owner_type,engine_size_cc,horsepower_hp,curb_weight_kg,mileage_kmpl,odometer_reading_km,maintenance_score,vehicle_price_lakhs
TAT-VEH-1000,Petrol,Automatic,Hatchback,First,1224.2,86.1,1377.1,12.33,9530.0,9.98,14.0
TAT-VEH-1001,Electric,Manual,Hatchback,First,0.0,120.7,1036.2,24.69,48799.0,8.58,17.08
TAT-VEH-1002,Diesel,Manual,Sedan,First,1758.7,151.2,1666.2,21.93,11076.0,9.65,26.7
TAT-VEH-1003,Diesel,Manual,Hatchback,First,1284.9,99.1,1460.7,21.42,64478.0,8.13,17.3
TAT-VEH-1004,Petrol,Manual,SUV,First,1894.9,149.7,1785.4,15.45,20636.0,9.28,28.09
TAT-VEH-1005,Petrol,Automatic,Sedan,First,1549.4,106.3,1595.3,6.64,57688.0,,20.22
TAT-VEH-1006,Petrol,Automatic,Sedan,Second,1449.9,94.1,1497.4,13.57,4207.0,9.69,18.18
TAT-VEH-1007,CNG,Manual,Hatchback,First,1198.2,83.0,1368.7,23.25,25581.0,8.48,17.73
TAT-VEH-1008,Diesel,Manual,Luxury,Third,2862.8,213.2,2241.4,16.26,56940.0,7.81,33.44
TAT-VEH-1009,Diesel,Automatic,Sedan,Third,1465.1,97.1,1509.1,19.34,13579.0,8.22,20.05
TAT-VEH-1010,Petrol,Manual,SUV,First,2051.0,153.7,1889.0,14.24,73377.0,8.92,27.67
TAT-VEH-1011,Electric,Manual,Hatchback,First,0.0,,937.3,19.94,46836.0,,16.37
TAT-VEH-1012,CNG,Manual,Sedan,First,1299.3,84.0,1419.1,22.38,41855.0,8.11,15.66
TAT-VEH-1013,Petrol,Automatic,Hatchback,Second,1044.6,86.4,1343.3,,21632.0,9.01,15.72
TAT-VEH-1014,Petrol,Automatic,Sedan,First,1220.3,98.8,1388.2,18.86,31639.0,8.51,15.24
TAT-VEH-1015,Petrol,Manual,Luxury,First,2352.9,171.8,1973.6,13.52,42936.0,9.5,29.23
TAT-VEH-1016,Petrol,Manual,Sedan,First,1254.5,81.9,1405.4,13.96,30779.0,8.07,13.95
TAT-VEH-1017,Diesel,Automatic,Hatchback,Second,1220.9,79.2,1318.6,17.72,55926.0,8.27,12.67
TAT-VEH-1018,Petrol,Automatic,Hatchback,Second,1063.1,75.3,1327.8,16.52,27588.0,8.95,12.79
TAT-VEH-1019,Petrol,Manual,Sedan,First,1600.7,127.8,1585.0,16.87,12170.0,9.95,22.08
TAT-VEH-1020,Diesel,Automatic,Hatchback,Second,1202.2,101.3,1477.2,10.47,12832.0,9.37,18.99
TAT-VEH-1021,Petrol,Manual,Hatchback,First,901.7,61.7,1336.7,18.56,2262.0,8.68,14.41
TAT-VEH-1022,Petrol,Manual,SUV,First,2161.7,148.3,1834.3,19.81,18112.0,9.13,25.34
TAT-VEH-1023,Petrol,Automatic,Sedan,Second,1660.2,127.7,1677.0,12.35,64189.0,7.38,22.75
TAT-VEH-1024,Diesel,Manual,Hatchback,First,1047.9,68.7,1252.2,16.28,73130.0,7.76,11.27
TAT-VEH-1025,Diesel,Automatic,Luxury,First,3161.1,230.9,2485.7,17.74,12180.0,,38.47
TAT-VEH-1026,Petrol,Manual,Hatchback,First,1068.5,96.0,1300.7,13.23,145787.0,4.59,12.53
TAT-VEH-1027,Diesel,Manual,Luxury,Second,3032.1,237.3,2428.5,19.63,33408.0,8.37,42.23
TAT-VEH-1028,Diesel,Automatic,Hatchback,Second,1007.3,,1252.4,13.55,113990.0,6.21,11.49
TAT-VEH-1029,Petrol,Manual,SUV,First,1549.7,101.0,1534.5,12.15,57205.0,7.94,16.96
TAT-VEH-1030,Diesel,Automatic,Sedan,Second,1421.4,109.1,1468.7,23.31,59676.0,8.54,15.76
TAT-VEH-1031,,Manual,SUV,First,1967.1,160.3,1880.4,,6000.0,9.52,28.07
TAT-VEH-1032,Petrol,Manual,Luxury,First,2833.9,208.0,2220.0,19.23,13180.0,9.67,35.89
TAT-VEH-1033,Electric,Manual,Hatchback,First,0.0,173.8,1212.1,22.89,2398.0,9.36,26.24
TAT-VEH-1034,Electric,Automatic,Luxury,First,0.0,,1163.5,17.48,58665.0,8.26,21.65
TAT-VEH-1035,CNG,Manual,Sedan,First,1261.2,114.6,1472.2,25.77,21002.0,9.67,19.0
TAT-VEH-1036,Petrol,Automatic,Sedan,Third,1418.0,110.0,1528.7,15.15,71517.0,7.32,20.16
TAT-VEH-1037,Petrol,Manual,Hatchback,First,1237.4,99.9,1394.7,14.13,20626.0,9.68,20.29
TAT-VEH-1038,Diesel,Automatic,Sedan,First,1489.0,128.6,1603.2,19.69,79000.0,7.57,18.96
TAT-VEH-1039,,Manual,Hatchback,First,1224.4,97.2,1498.1,16.92,8303.0,10.0,19.83
TAT-VEH-1040,Petrol,Automatic,Sedan,First,1364.0,96.3,1429.2,,10568.0,9.38,16.51
TAT-VEH-1041,Diesel,Automatic,Sedan,Third,1732.3,124.5,1726.1,22.3,20758.0,9.44,24.85
TAT-VEH-1042,Petrol,Automatic,SUV,First,1704.0,130.7,1748.1,16.72,25628.0,9.04,23.77
TAT-VEH-1043,CNG,Automatic,SUV,First,2119.9,143.5,1809.9,21.75,21296.0,9.13,26.84
TAT-VEH-1044,Petrol,Automatic,Sedan,Second,1734.4,128.4,1605.3,14.08,66909.0,8.04,18.19
TAT-VEH-1045,Diesel,Automatic,Hatchback,First,1269.1,108.3,1480.0,27.24,6589.0,9.93,21.15
TAT-VEH-1046,Petrol,Manual,Hatchback,First,1166.6,61.2,1283.9,,21470.0,,12.89
TAT-VEH-1047,Diesel,Manual,Hatchback,First,1117.8,102.2,1490.2,25.63,83697.0,8.27,17.65
TAT-VEH-1048,Diesel,Automatic,Hatchback,First,1352.4,114.9,1512.3,22.91,5111.0,8.54,22.52
TAT-VEH-1049,Petrol,Automatic,Hatchback,Third,983.6,68.3,1224.9,16.23,130396.0,5.66,9.2
TAT-VEH-1050,Electric,Automatic,Hatchback,Second,0.0,153.6,1076.6,22.75,195122.0,4.17,15.11
TAT-VEH-1051,Diesel,Manual,Luxury,First,2605.0,195.4,2204.7,18.9,6173.0,9.87,35.39
TAT-VEH-1052,Electric,Manual,Sedan,Second,0.0,170.7,1148.2,17.66,17493.0,,25.44
TAT-VEH-1053,CNG,Manual,Hatchback,First,1137.4,97.1,1393.0,24.54,22963.0,8.03,16.39
TAT-VEH-1054,Diesel,Automatic,Sedan,First,,114.1,1694.0,22.39,69404.0,7.51,18.01
TAT-VEH-1055,Electric,Manual,Hatchback,First,0.0,154.7,1112.5,20.5,42777.0,7.3,20.2
TAT-VEH-1056,Petrol,Manual,Sedan,First,1574.0,115.6,1587.6,16.74,48523.0,8.43,19.1
TAT-VEH-1057,Petrol,Manual,Sedan,First,1304.4,98.8,1452.7,18.05,65756.0,8.08,18.14
TAT-VEH-1058,Petrol,Manual,Sedan,First,1435.9,99.0,1534.2,12.77,7649.0,10.0,19.51
TAT-VEH-1059,,Manual,Sedan,Third,1375.1,124.1,1571.1,14.15,82596.0,7.51,18.65
TAT-VEH-1060,Petrol,Manual,Luxury,First,2709.1,215.7,2226.4,12.45,57030.0,8.8,35.94
TAT-VEH-1061,Petrol,Automatic,SUV,First,2242.7,159.3,1936.4,13.03,40754.0,8.99,25.92
TAT-VEH-1062,CNG,Manual,Sedan,First,1223.7,75.8,1349.2,21.92,101219.0,6.65,11.94
TAT-VEH-1063,Petrol,Manual,Sedan,First,1819.8,,1642.8,12.8,56225.0,,21.52
TAT-VEH-1064,Petrol,Manual,Sedan,First,1663.6,,1670.1,19.76,12137.0,,24.63
TAT-VEH-1065,Diesel,Manual,Hatchback,First,1360.6,104.9,1583.1,16.44,27275.0,8.13,17.05
TAT-VEH-1066,Petrol,Manual,Sedan,Second,1405.4,120.4,1498.7,15.88,32659.0,9.64,19.36
TAT-VEH-1067,CNG,Manual,Hatchback,First,1174.5,97.6,1366.4,23.49,4556.0,9.57,15.9
TAT-VEH-1068,Petrol,Automatic,Sedan,First,1211.4,102.5,1386.7,19.04,141188.0,,13.2
TAT-VEH-1069,Electric,Manual,Sedan,First,0.0,148.2,1156.7,25.28,8193.0,9.28,25.06
TAT-VEH-1070,Diesel,Automatic,Hatchback,First,1118.3,67.2,1331.8,21.42,55800.0,8.37,11.73
TAT-VEH-1071,Petrol,Automatic,Luxury,First,3190.5,236.9,2451.0,16.42,33756.0,8.96,38.57
TAT-VEH-1072,Petrol,Automatic,Luxury,Second,3511.4,276.1,2623.3,158.26297544797046,3168.0,9.68,47.43
TAT-VEH-1073,CNG,Manual,SUV,First,1721.2,128.5,1678.3,22.12,118411.0,6.16,20.68
TAT-VEH-1074,Diesel,Manual,Sedan,First,1424.9,112.9,1452.7,24.44,87925.0,7.52,17.16
TAT-VEH-1075,Diesel,Manual,SUV,First,1960.2,143.2,1801.2,16.87,35430.0,8.23,25.8
TAT-VEH-1076,Diesel,Manual,Hatchback,First,987.6,61.7,1293.5,20.86,13700.0,8.68,11.71
TAT-VEH-1077,,Automatic,SUV,First,2145.8,159.5,1837.2,18.68,7836.0,10.0,30.08
TAT-VEH-1078,Petrol,Manual,Hatchback,Second,1088.4,85.3,1267.6,13.83,22322.0,9.6,18.9
TAT-VEH-1079,Petrol,Manual,SUV,First,1949.2,138.3,1856.9,18.61,15273.0,9.4,26.05
TAT-VEH-1080,CNG,Automatic,Hatchback,Second,1129.2,81.9,1319.4,26.03,33798.0,9.83,11.95
TAT-VEH-1081,Diesel,Automatic,SUV,First,,123.8,1746.5,23.84,154708.0,5.22,16.56
TAT-VEH-1082,Petrol,Manual,Luxury,Second,2990.2,237.7,2383.1,14.09,40500.0,9.44,39.74
TAT-VEH-1083,Petrol,Manual,Hatchback,First,1164.7,83.8,1359.0,11.64,101299.0,7.01,12.17
TAT-VEH-1084,Petrol,Manual,Sedan,Second,1423.6,124.2,1580.7,13.98,49355.0,,22.74
TAT-VEH-1085,Petrol,Manual,Luxury,First,,221.0,2203.9,16.13,31017.0,10.0,37.18
TAT-VEH-1086,Diesel,Manual,Sedan,Third,1561.9,116.2,1593.8,19.16,88774.0,7.86,17.3
TAT-VEH-1087,Diesel,Manual,SUV,First,2411.4,168.8,1996.9,17.9,30686.0,8.85,29.06
TAT-VEH-1088,CNG,Manual,Sedan,First,1526.0,89.4,1441.6,20.68,93338.0,,12.86
TAT-VEH-1089,Diesel,Manual,Sedan,First,1697.2,109.6,1634.9,20.32,17512.0,9.06,20.35
TAT-VEH-1090,Petrol,Manual,Hatchback,Second,988.5,,1227.1,21.42,8205.0,10.0,11.9
TAT-VEH-1091,Diesel,Manual,Hatchback,First,1220.7,108.1,1439.6,20.3,88994.0,5.82,18.37
TAT-VEH-1092,,Manual,SUV,Second,1723.7,130.7,1619.5,20.71,41839.0,7.99,25.28
TAT-VEH-1093,Diesel,Automatic,Sedan,First,1202.6,94.9,1487.7,20.6,100958.0,7.5,12.64
TAT-VEH-1094,Diesel,Automatic,Sedan,First,1350.1,74.6,1452.9,20.11,127003.0,6.02,8.25
TAT-VEH-1095,Diesel,Manual,Sedan,First,1736.4,115.9,1695.7,21.61,4480.0,9.8,21.84
TAT-VEH-1096,Diesel,Manual,Sedan,Third,1688.0,137.2,1668.5,20.11,33279.0,8.04,21.2
TAT-VEH-1097,Petrol,Manual,SUV,Second,2058.8,157.9,1778.9,14.56,23148.0,10.0,26.99
TAT-VEH-1098,,Automatic,Luxury,Third,2379.9,176.7,2122.4,13.11,46240.0,9.19,31.09
TAT-VEH-1099,Petrol,Automatic,Sedan,First,1458.7,,1548.0,14.75,73005.0,,21.01
TAT-VEH-1100,Petrol,Manual,SUV,First,2073.4,175.1,1876.0,16.44,16820.0,9.08,30.02
TAT-VEH-1101,Diesel,Automatic,SUV,Second,2041.9,,1861.8,18.11,38618.0,9.31,25.53
TAT-VEH-1102,Petrol,Manual,Sedan,First,1129.2,85.5,1417.3,16.44,57507.0,9.35,12.08
TAT-VEH-1103,Diesel,Manual,Luxury,Second,2636.9,200.1,2172.0,20.23,8497.0,10.0,34.57
TAT-VEH-1104,CNG,Automatic,Hatchback,Third,1187.4,,1524.0,26.17,77707.0,8.88,18.75
TAT-VEH-1105,Petrol,Automatic,Hatchback,Second,1277.4,70.6,1427.7,19.35,43926.0,7.99,14.81
TAT-VEH-1106,Petrol,Automatic,SUV,Second,,116.9,1495.6,15.73,136394.0,5.41,14.99
TAT-VEH-1107,Diesel,Automatic,Sedan,First,1465.6,108.5,1500.5,15.34,20666.0,8.5,19.04
TAT-VEH-1108,Petrol,Manual,SUV,First,2033.8,159.3,1908.0,14.46,7150.0,9.86,26.15
TAT-VEH-1109,Petrol,Automatic,SUV,Third,2210.4,157.9,1782.8,15.63,33781.0,8.94,23.07
TAT-VEH-1110,Petrol,Manual,Hatchback,First,1300.9,97.0,1440.3,9.99,6037.0,9.54,16.94
TAT-VEH-1111,Petrol,Automatic,SUV,Second,2143.6,169.3,1852.0,19.67,159090.0,5.74,20.86
TAT-VEH-1112,Electric,Manual,Sedan,Second,0.0,217.8,1270.7,22.36,1612506.0245199073,10.0,32.84
TAT-VEH-1113,CNG,Automatic,Sedan,First,1338.0,110.0,1478.4,25.26,65018.0,7.03,17.21
TAT-VEH-1114,Diesel,Manual,Sedan,Third,1116.4,73.6,1306.8,,35510.0,8.43,13.14
TAT-VEH-1115,CNG,Automatic,Luxury,First,2835.8,207.6,2233.9,23.24,22693.0,9.64,33.7
TAT-VEH-1116,CNG,Manual,Hatchback,First,1347.2,95.6,1405.7,25.65,5065.0,9.37,13.45
TAT-VEH-1117,Petrol,Automatic,Sedan,First,1776.7,111.7,1765.7,-9.823529777123051,45799.0,,22.66
TAT-VEH-1118,CNG,Manual,SUV,First,2175.6,159.2,2002.8,24.13,41600.0,9.22,25.95
TAT-VEH-1119,Diesel,Manual,SUV,First,2105.3,166.7,1845.5,16.84,16838.0,,27.94
TAT-VEH-1120,CNG,Manual,SUV,First,2092.9,141.7,1915.9,27.83,110469.0,,19.98
TAT-VEH-1121,CNG,Manual,Hatchback,Second,1113.6,96.1,1360.0,23.75,18315.0,,19.06
TAT-VEH-1122,Petrol,Automatic,Hatchback,Third,1177.5,94.2,1404.1,17.6,28880.0,8.63,17.38
TAT-VEH-1123,Petrol,Manual,Sedan,First,1831.8,128.6,1709.5,9.87,37313.0,9.2,21.25
TAT-VEH-1124,Petrol,Automatic,SUV,First,1762.4,130.5,1660.1,19.04,6753.0,9.27,23.1
TAT-VEH-1125,Petrol,Manual,Hatchback,Third,1439.2,127.1,1620.7,18.66,123078.0,7.13,20.95
TAT-VEH-1126,CNG,Manual,Hatchback,First,1148.7,95.0,1395.8,24.69,23117.0,9.06,17.34
TAT-VEH-1127,CNG,Automatic,Luxury,First,3523.2,264.3,2620.0,,5790.0,10.0,44.31
TAT-VEH-1128,Petrol,Automatic,Hatchback,First,986.0,71.1,1207.6,16.7,24044.0,9.56,12.2
TAT-VEH-1129,Diesel,Manual,Luxury,First,3227.4,243.0,2442.4,25.41,43256.0,8.19,36.8
TAT-VEH-1130,Petrol,Manual,SUV,First,1813.8,129.9,1627.5,10.21,34437.0,7.58,22.11
TAT-VEH-1131,Petrol,Automatic,SUV,Third,1644.2,98.1,1571.3,17.85,55367.0,8.43,17.9
TAT-VEH-1132,Petrol,Manual,Hatchback,First,1229.8,116.7,1412.3,12.77,4569.0,9.71,22.53
TAT-VEH-1133,Petrol,Automatic,Hatchback,First,1348.4,103.0,1466.2,15.44,17067.0,9.65,15.64
TAT-VEH-1134,Electric,Automatic,SUV,First,0.0,150.0,1193.5,21.38,78974.0,7.41,19.12
TAT-VEH-1135,Petrol,Automatic,SUV,First,1786.8,133.3,1768.6,14.22,5747.0,9.38,23.74
TAT-VEH-1136,Diesel,Manual,SUV,Second,1623.2,112.9,1598.8,,89047.0,8.46,17.97
TAT-VEH-1137,Diesel,Automatic,Hatchback,Second,1183.2,86.5,1376.0,15.82,6338.0,8.74,16.79
TAT-VEH-1138,Petrol,Manual,SUV,Second,1976.1,129.0,1858.1,18.59,82933.0,7.87,21.27
TAT-VEH-1139,Electric,Manual,SUV,First,0.0,196.9,1268.3,17.51,22138.0,8.82,29.7
TAT-VEH-1140,Electric,Manual,SUV,Third,0.0,109.1,1006.4,23.35,44628.0,8.32,14.98
TAT-VEH-1141,Petrol,Manual,SUV,Second,2135.1,147.7,1795.2,14.52,9466.0,9.34,27.72
TAT-VEH-1142,Diesel,Automatic,SUV,Second,2235.4,162.4,1958.1,15.72,5081.0,9.17,29.73
TAT-VEH-1143,Petrol,Automatic,Sedan,First,1486.1,126.9,1628.9,,12947.0,9.77,22.37
TAT-VEH-1144,Petrol,Automatic,Hatchback,First,1475.3,110.8,1511.8,10.83,8156.0,10.0,22.93
TAT-VEH-1145,Petrol,Manual,Sedan,First,1542.8,100.9,1556.8,15.62,18855.0,9.54,21.47
TAT-VEH-1146,Diesel,Manual,Hatchback,Second,,100.9,1384.8,15.02,34505.0,8.88,19.05
TAT-VEH-1147,Diesel,Manual,Sedan,First,1175.7,96.9,1394.5,20.29,41986.0,8.01,12.39
TAT-VEH-1148,Petrol,Automatic,Sedan,First,1445.5,114.9,1418.8,12.73,72201.0,,20.36
TAT-VEH-1149,Petrol,Manual,Hatchback,Second,1146.5,94.6,1376.7,14.15,50052.0,,17.43
TAT-VEH-1150,CNG,Automatic,Hatchback,Second,1341.0,129.3,1591.1,25.09,44229.0,,24.71
TAT-VEH-1151,Petrol,Manual,Hatchback,Third,1266.4,121.2,1464.7,13.18,25880.0,8.83,22.69
TAT-VEH-1152,Petrol,Manual,SUV,First,1703.2,,1647.5,15.33,30894.0,,23.71
TAT-VEH-1153,Diesel,Automatic,Luxury,Second,3061.9,249.1,2406.6,14.76,26090.0,8.76,42.2
TAT-VEH-1154,Electric,Manual,Hatchback,First,0.0,149.6,1142.0,23.58,85080.0,5.72,22.28
TAT-VEH-1155,Petrol,Automatic,Luxury,First,3261.6,250.6,2507.2,20.79,13761.0,9.65,45.05
TAT-VEH-1156,Diesel,Automatic,Sedan,First,1803.6,115.0,1621.8,26.82,2258.0,9.23,22.14
TAT-VEH-1157,Diesel,Manual,Hatchback,First,1330.1,97.7,1526.4,19.26,49412.0,7.42,15.02
TAT-VEH-1158,Petrol,Manual,Hatchback,First,1311.1,88.6,1476.8,17.86,12180.0,9.9,17.07
TAT-VEH-1159,Diesel,Manual,Sedan,Second,1510.0,123.2,1556.3,14.01,101374.0,6.25,19.1
TAT-VEH-1160,Petrol,Automatic,SUV,First,2095.1,170.0,1933.2,20.01,90170.0,7.02,26.57
TAT-VEH-1161,Diesel,Manual,SUV,Second,2310.4,148.4,1956.5,21.17,5592.0,10.0,25.5
TAT-VEH-1162,Diesel,Automatic,Hatchback,First,997.1,74.5,1317.4,17.64,7062.0,,12.8
TAT-VEH-1163,Diesel,Automatic,Hatchback,First,1144.6,99.3,1314.1,22.46,32759.0,7.94,16.06
TAT-VEH-1164,Petrol,Automatic,Sedan,First,1343.5,98.5,1516.8,14.74,44283.0,8.7,18.84
TAT-VEH-1165,CNG,Manual,Hatchback,First,1253.9,102.8,1417.4,23.58,16466.0,10.0,21.13
TAT-VEH-1166,,Automatic,Hatchback,First,1381.5,107.8,1485.1,16.93,58772.0,7.18,19.39
TAT-VEH-1167,Petrol,Automatic,Hatchback,First,1107.5,87.2,1487.5,12.31,42665.0,,17.78
TAT-VEH-1168,Petrol,Manual,SUV,First,1400.4,101.8,1509.7,18.56,19675.0,9.59,18.86
TAT-VEH-1169,Diesel,Manual,Luxury,First,,197.5,2214.3,16.04,3156.0,8.47,32.03
TAT-VEH-1170,Diesel,Automatic,Sedan,First,1680.7,112.6,1509.5,16.06,64410.0,8.44,17.8
TAT-VEH-1171,Petrol,Manual,Luxury,Third,3208.1,249.1,2565.1,12.77,12879.0,,41.81
TAT-VEH-1172,Diesel,Automatic,Hatchback,First,1261.2,,1361.2,21.13,82938.0,7.24,14.12
TAT-VEH-1173,Petrol,Manual,Sedan,Second,1442.0,106.5,1470.8,13.65,26535.0,9.79,19.15
TAT-VEH-1174,Diesel,Manual,Hatchback,Second,1005.1,70.3,1261.0,15.23,40725.0,9.32,13.77
TAT-VEH-1175,Petrol,Automatic,Sedan,Third,1601.1,,1672.2,13.68,94842.0,7.15,19.81
TAT-VEH-1176,Diesel,Manual,Luxury,Second,,212.0,2249.4,18.91,91655.0,,32.6
TAT-VEH-1177,Petrol,Manual,Sedan,First,1934.8,141.1,1772.0,11.96,22900.0,8.56,22.02
TAT-VEH-1178,Electric,Manual,Sedan,Second,0.0,,1031.7,19.12,12544.0,9.42,16.71
TAT-VEH-1179,Petrol,Manual,Sedan,Second,1612.1,129.8,1608.7,21.83,69154.0,8.17,20.92
TAT-VEH-1180,Petrol,Manual,Hatchback,First,1109.9,80.8,1347.4,12.92,27539.0,8.82,17.17
TAT-VEH-1181,Petrol,Manual,SUV,First,1845.2,138.8,1746.5,14.53,11596.0,8.15,24.07
TAT-VEH-1182,Electric,Automatic,Sedan,First,0.0,180.2,1248.9,21.08,107653.0,7.49,24.33
TAT-VEH-1183,CNG,Manual,Sedan,Second,,110.7,1592.9,23.66,11935.0,9.57,21.21
TAT-VEH-1184,Petrol,Automatic,Sedan,Second,1450.1,112.2,1562.7,17.36,3177.0,,21.22
TAT-VEH-1185,Diesel,Manual,Sedan,First,1721.4,115.0,1621.9,21.65,2922.0,10.0,23.19
TAT-VEH-1186,CNG,Automatic,Hatchback,First,1225.0,89.2,1438.8,23.89,45816.0,9.41,15.07
TAT-VEH-1187,Diesel,Manual,SUV,First,1815.1,143.4,1739.2,15.54,50769.0,6.67,23.01
TAT-VEH-1188,Diesel,Automatic,Hatchback,First,1480.6,92.4,1445.1,22.57,18766.0,9.52,17.55
TAT-VEH-1189,Petrol,Manual,SUV,Third,,153.2,1816.4,15.21,1614003.4997351603,8.39,25.73
TAT-VEH-1190,Petrol,Manual,SUV,First,2190.2,165.5,1934.5,20.69,20664.0,9.51,29.47
TAT-VEH-1191,CNG,Manual,SUV,First,1845.9,138.9,1788.8,20.01,53297.0,8.35,22.41
TAT-VEH-1192,CNG,Manual,Sedan,First,,130.2,1616.0,24.89,4695.0,10.0,23.86
TAT-VEH-1193,Diesel,Manual,Sedan,Second,1560.2,121.0,1538.1,24.37,121102.0,6.04,17.22
TAT-VEH-1194,Petrol,Manual,Hatchback,First,913.6,86.3,1288.3,14.44,13326.0,8.3,16.59
TAT-VEH-1195,Petrol,Automatic,SUV,Second,2501.8,175.7,2070.6,14.82,300000.0,1.0,18.75
TAT-VEH-1196,Diesel,Manual,Hatchback,First,1390.6,105.9,1510.8,19.83,10467.0,9.75,19.33
TAT-VEH-1197,CNG,Manual,Sedan,First,1418.6,107.4,1561.0,23.38,68439.0,8.45,18.1
TAT-VEH-1198,CNG,Automatic,Hatchback,First,1031.7,64.5,1323.3,23.88,13378.0,8.71,14.12
TAT-VEH-1199,,Automatic,Hatchback,First,1249.1,105.2,1420.5,18.05,5794.0,10.0,19.49
TAT-VEH-1200,Diesel,Manual,Sedan,First,1515.3,141.5,1603.3,17.24,95551.0,6.68,23.73
TAT-VEH-1201,Petrol,Manual,Hatchback,Third,1250.4,93.6,1369.6,19.19,90075.0,7.44,12.99
TAT-VEH-1202,Petrol,Manual,SUV,Second,2045.9,159.5,1899.8,16.88,25256.0,8.77,27.53
TAT-VEH-1203,CNG,Automatic,Hatchback,Third,,96.5,1509.2,25.0,56540.0,,14.5
TAT-VEH-1204,Diesel,Automatic,Hatchback,First,,97.5,1472.9,21.26,38645.0,9.23,18.08
TAT-VEH-1205,,Manual,Sedan,Third,1611.6,99.0,1549.5,14.71,88266.0,6.54,14.42
TAT-VEH-1206,Petrol,Automatic,Hatchback,First,1039.6,69.5,1360.9,13.18,19029.0,8.85,13.97
TAT-VEH-1207,Diesel,Automatic,Hatchback,First,1401.4,88.4,1486.8,17.31,35374.0,8.9,16.07
TAT-VEH-1208,Petrol,Manual,SUV,First,2408.2,201.1,2117.4,15.51,31894.0,10.0,33.86
TAT-VEH-1209,Petrol,Automatic,Hatchback,First,1669.8,123.9,1584.6,12.32,21656.0,,21.1
TAT-VEH-1210,Diesel,Manual,SUV,Second,1717.1,124.6,1696.4,17.6,101927.0,8.11,18.46
TAT-VEH-1211,Diesel,Manual,Hatchback,First,1233.4,103.2,1393.2,17.55,10162.0,10.0,21.1
TAT-VEH-1212,Diesel,Manual,Hatchback,First,884.7,,1135.2,24.95,9287.0,9.48,12.08
TAT-VEH-1213,Petrol,Manual,SUV,First,2136.3,151.0,1857.9,7.18,40708.0,8.46,24.94
TAT-VEH-1214,Diesel,Manual,Hatchback,First,1114.8,84.4,1321.9,18.5,50216.0,7.95,14.35
TAT-VEH-1215,Petrol,Automatic,Hatchback,First,1485.5,123.8,1568.3,20.68,11740.0,9.42,24.7
TAT-VEH-1216,Petrol,Manual,Sedan,First,1343.1,106.8,1415.0,15.87,24296.0,8.26,18.57
TAT-VEH-1217,Diesel,Manual,Hatchback,Second,943.6,73.7,1312.5,21.11,133817.0,5.93,9.02
TAT-VEH-1218,Diesel,Manual,SUV,Second,1880.2,142.0,1819.5,19.28,14743.0,10.0,24.52
TAT-VEH-1219,CNG,Automatic,Hatchback,First,900.7,72.4,1148.9,23.17,51667.0,7.96,11.54
TAT-VEH-1220,Diesel,Manual,SUV,First,2185.8,166.4,1980.0,12.72,62644.0,7.87,26.47
TAT-VEH-1221,Diesel,Manual,SUV,First,1481.7,98.8,1475.1,19.58,28750.0,7.96,16.16
TAT-VEH-1222,Petrol,Manual,Sedan,Second,1503.7,113.3,1602.4,13.17,126785.0,6.4,14.85
TAT-VEH-1223,Petrol,Manual,Luxury,First,2161.9,149.3,1876.5,13.1,62043.0,,23.57
TAT-VEH-1224,Petrol,Automatic,Sedan,First,1433.9,108.5,1524.6,14.0,29556.0,8.99,20.35
TAT-VEH-1225,Petrol,Automatic,Luxury,First,3650.4,268.0,2688.4,,39909.0,8.53,43.43
TAT-VEH-1226,Electric,Manual,Hatchback,First,0.0,203.5,1319.4,28.01,55084.0,8.05,28.5
TAT-VEH-1227,Petrol,Automatic,SUV,First,2088.2,156.1,1809.1,16.15,42363.0,8.89,27.99
TAT-VEH-1228,CNG,Automatic,Sedan,Second,1325.3,,1450.5,23.57,96926.0,7.01,15.22
TAT-VEH-1229,Diesel,Automatic,Sedan,First,1491.8,,1602.9,15.7,21865.0,9.36,19.95
TAT-VEH-1230,Diesel,Manual,Sedan,First,1501.6,118.9,1608.6,20.31,18043.0,9.41,20.64
TAT-VEH-1231,Diesel,Manual,SUV,Second,2116.2,178.8,2053.9,23.99,12827.0,10.0,29.92
TAT-VEH-1232,Diesel,Manual,Hatchback,Second,992.0,67.3,1239.0,18.31,3733.0,10.0,15.16
TAT-VEH-1233,Diesel,Automatic,Hatchback,First,1285.9,77.5,1441.7,12.34,3978.0,9.8,16.04
TAT-VEH-1234,Petrol,Manual,SUV,First,1321.9,108.9,1479.6,17.51,93829.0,8.03,16.13
TAT-VEH-1235,Diesel,Manual,SUV,First,1840.5,121.5,1759.6,21.76,53049.0,8.54,20.04
TAT-VEH-1236,Petrol,Manual,Luxury,Third,2797.7,204.6,2240.3,10.74,50617.0,9.14,32.57
TAT-VEH-1237,Petrol,Automatic,SUV,First,2156.3,158.6,1881.8,16.03,44911.0,8.88,27.12
TAT-VEH-1238,Diesel,Manual,Luxury,Third,,224.3,2426.8,20.26,87137.0,6.21,33.59
TAT-VEH-1239,Petrol,Automatic,SUV,Second,1646.6,1085.090157076515,1631.2,15.28,31450.0,,24.21
TAT-VEH-1240,Electric,Automatic,Hatchback,First,0.0,122.9,986.6,20.02,93952.0,7.2,15.12
TAT-VEH-1241,Electric,Manual,Hatchback,First,0.0,133.2,1057.2,,22044.0,9.14,20.16
TAT-VEH-1242,CNG,Automatic,SUV,First,1751.8,131.2,1722.1,23.69,119598.0,6.55,17.57
TAT-VEH-1243,Petrol,Manual,Sedan,First,1537.7,117.1,1650.5,11.04,55978.0,7.99,20.05
TAT-VEH-1244,,Automatic,Hatchback,First,1185.1,90.1,1395.6,9.35,15378.0,,16.68
TAT-VEH-1245,Electric,Manual,Sedan,Second,0.0,150.9,1193.2,25.15,39364.0,8.32,22.42
TAT-VEH-1246,Petrol,Automatic,Luxury,Third,2761.4,217.2,2191.6,17.35,36267.0,9.53,37.78
TAT-VEH-1247,Electric,Automatic,Sedan,First,0.0,149.8,1102.3,22.22,8677.0,9.48,23.41
TAT-VEH-1248,Electric,Automatic,Sedan,Second,0.0,,1113.8,20.9,42259.0,8.36,20.84
TAT-VEH-1249,CNG,Automatic,Sedan,First,1401.8,86.1,1450.2,23.44,19011.0,8.7,15.76
TAT-VEH-1250,Petrol,Manual,Hatchback,First,1301.4,,1455.2,12.27,4420.0,9.83,19.78
TAT-VEH-1251,Petrol,Automatic,Sedan,First,1394.5,110.3,1548.4,14.21,135614.0,6.04,17.5
TAT-VEH-1252,CNG,Automatic,Sedan,First,1480.4,119.8,1545.4,20.26,48161.0,8.66,20.6
TAT-VEH-1253,Petrol,Manual,Hatchback,Third,1522.5,105.9,1554.6,13.29,96271.0,6.43,17.66
TAT-VEH-1254,Petrol,Manual,SUV,Second,1642.1,115.2,1610.5,14.57,52723.0,7.33,20.68
TAT-VEH-1255,Diesel,Automatic,Sedan,First,1127.6,77.7,1292.6,20.71,21871.0,9.55,17.04
TAT-VEH-1256,Electric,Automatic,SUV,First,0.0,153.4,1127.8,21.9,34348.0,9.71,19.75
TAT-VEH-1257,Diesel,Automatic,SUV,First,2193.9,176.9,1952.9,21.23,52680.0,7.68,29.89
TAT-VEH-1258,Diesel,Manual,Hatchback,First,1095.2,77.3,1318.3,22.78,147134.0,6.55,11.46
TAT-VEH-1259,Petrol,Automatic,SUV,Second,1918.4,154.8,1810.0,18.67,15166.0,9.54,25.01
TAT-VEH-1260,Diesel,Manual,Sedan,Second,1341.8,,1478.7,20.32,95567.0,7.07,14.49
TAT-VEH-1261,Electric,Automatic,SUV,First,0.0,136.9,1070.6,22.03,118012.0,6.19,15.78
TAT-VEH-1262,Petrol,Manual,Hatchback,First,1158.0,84.3,1429.7,12.56,51947.0,7.49,14.09
TAT-VEH-1263,Diesel,Automatic,SUV,First,2397.6,188.8,2002.7,21.07,122488.0,6.89,27.05
TAT-VEH-1264,CNG,Automatic,Sedan,First,,128.3,1615.1,27.86,24828.0,,22.84
TAT-VEH-1265,Diesel,Manual,Hatchback,First,1326.3,126.8,1670.2,19.96,139608.0,5.34,19.28
TAT-VEH-1266,Diesel,Automatic,Hatchback,First,984.6,63.6,1201.7,24.37,56598.0,,13.0
TAT-VEH-1267,Diesel,Manual,SUV,Second,1710.2,134.5,1617.1,14.73,3931.0,8.56,22.81
TAT-VEH-1268,Petrol,Automatic,SUV,Second,1288.2,,1463.3,12.04,1075524.2865196886,5.78,12.53
TAT-VEH-1269,Petrol,Automatic,Hatchback,First,1075.6,70.2,1198.1,18.07,31815.0,,15.12
TAT-VEH-1270,CNG,Manual,Sedan,First,1689.3,126.6,1646.0,,29756.0,9.13,23.2
TAT-VEH-1271,CNG,Automatic,Sedan,First,1601.4,121.8,1722.3,27.13,39610.0,8.96,21.77
TAT-VEH-1272,CNG,Automatic,SUV,First,1942.6,180.7,1804.4,24.47,9281.0,,31.04
TAT-VEH-1273,CNG,Manual,Hatchback,Second,1193.7,87.3,1286.9,22.76,30499.0,,15.65
TAT-VEH-1274,Diesel,Manual,SUV,First,1825.8,123.4,1622.6,18.4,82037.0,7.32,20.43
TAT-VEH-1275,Diesel,Automatic,Hatchback,First,1227.7,95.4,1463.1,14.71,2702.0,9.58,18.15
TAT-VEH-1276,Diesel,Automatic,Sedan,First,1651.2,98.9,1631.4,15.84,16342.0,8.85,19.77
TAT-VEH-1277,Diesel,Automatic,Hatchback,Second,954.6,70.5,1234.7,21.72,2111.0,9.81,12.28
TAT-VEH-1278,Diesel,Automatic,Hatchback,First,1241.9,93.3,1452.1,21.44,26181.0,,16.38
TAT-VEH-1279,Diesel,Manual,Sedan,First,1684.5,135.9,1748.8,20.02,60640.0,8.79,21.61
TAT-VEH-1280,CNG,Automatic,Hatchback,First,,96.8,1478.5,21.06,74149.0,6.79,15.48
TAT-VEH-1281,Petrol,Manual,SUV,Second,2173.2,156.9,1890.6,,132675.0,5.86,21.58
TAT-VEH-1282,Petrol,Manual,Hatchback,Third,1619.2,119.6,1500.6,11.83,44200.0,8.81,19.29
TAT-VEH-1283,Petrol,Manual,Sedan,First,1477.1,101.6,1479.9,19.03,15224.0,9.72,16.71
TAT-VEH-1284,Diesel,Manual,Hatchback,Second,1256.0,80.7,1370.0,17.37,118054.0,6.43,12.63
TAT-VEH-1285,,Manual,Hatchback,Third,1086.3,85.2,1330.3,,69188.0,8.15,13.98
TAT-VEH-1286,Diesel,Manual,Hatchback,Third,1224.2,76.5,1360.3,19.08,40445.0,8.16,11.81
TAT-VEH-1287,Diesel,Automatic,Sedan,First,1590.1,114.3,1648.2,110.83052548492503,55530.0,9.15,18.48
TAT-VEH-1288,Petrol,Manual,Sedan,First,1537.0,,1609.9,19.95,118154.0,7.02,16.22
TAT-VEH-1289,Diesel,Manual,Sedan,First,1294.1,103.7,1453.6,16.94,58077.0,7.33,16.57
TAT-VEH-1290,Petrol,Manual,Sedan,Second,,137.1,1686.4,11.3,22676.0,8.51,22.93
TAT-VEH-1291,Petrol,Manual,Sedan,First,1790.4,118.7,1691.3,9.04,58177.0,7.51,20.26
TAT-VEH-1292,CNG,Manual,Hatchback,Second,1264.3,72.6,1377.2,24.44,3850.0,10.0,15.96
TAT-VEH-1293,Petrol,Manual,Sedan,First,1690.4,,1700.2,13.81,23980.0,8.34,20.42
TAT-VEH-1294,Petrol,Automatic,Luxury,Second,2898.2,217.6,2312.0,,25464.0,8.87,37.48
TAT-VEH-1295,Diesel,Automatic,Sedan,Second,1648.0,126.2,1745.2,22.33,10214.0,9.78,22.26
TAT-VEH-1296,Diesel,Automatic,SUV,First,2067.8,149.7,1776.1,20.87,3051.0,9.67,26.7
TAT-VEH-1297,Petrol,Manual,Hatchback,Second,1054.4,76.7,1285.0,15.42,8442.0,9.71,15.24
TAT-VEH-1298,Diesel,Manual,SUV,First,2077.6,160.2,1871.3,22.82,49840.0,7.74,25.8
TAT-VEH-1299,,Automatic,SUV,Second,1750.1,143.7,1743.8,17.49,74943.0,8.02,21.43
TAT-VEH-1300,Petrol,Manual,Sedan,First,1371.4,79.4,1491.9,,201798.0,3.67,8.49
TAT-VEH-1301,Diesel,Manual,Luxury,First,3068.7,225.7,2387.1,16.09,21134.0,9.0,40.61
TAT-VEH-1302,Diesel,Manual,Hatchback,Third,1241.6,95.7,1352.7,21.29,43163.0,8.71,14.48
TAT-VEH-1303,Diesel,Manual,Hatchback,First,1018.6,65.4,1312.1,20.11,126512.0,6.25,11.89
TAT-VEH-1304,Diesel,Manual,SUV,Second,2261.5,190.4,2055.3,19.48,10225.0,9.52,32.33
TAT-VEH-1305,Electric,Manual,SUV,First,0.0,124.1,963.2,19.88,58907.0,7.67,17.4
TAT-VEH-1306,Diesel,Manual,Hatchback,First,1282.8,95.7,1438.0,20.7,65288.0,,14.43
TAT-VEH-1307,Petrol,Manual,Hatchback,First,,88.5,1273.7,13.23,6193.0,,15.58
TAT-VEH-1308,Diesel,Automatic,Hatchback,First,966.4,65.4,1218.5,18.71,90878.0,6.38,9.55
TAT-VEH-1309,Petrol,Automatic,Hatchback,First,1175.3,66.0,1281.2,19.84,77474.0,7.31,9.66
TAT-VEH-1310,Petrol,Automatic,SUV,First,1886.5,136.3,1791.5,13.52,3529.0,,24.86
TAT-VEH-1311,Petrol,Automatic,Sedan,First,1520.6,126.4,1604.1,10.78,6298.0,8.85,22.33
TAT-VEH-1312,,Automatic,Hatchback,First,1142.5,81.6,1289.6,,4267.0,10.0,18.85
TAT-VEH-1313,,Manual,Sedan,Third,0.0,118.8,1091.0,24.49,20341.0,9.98,17.15
TAT-VEH-1314,CNG,Manual,Hatchback,Third,895.9,78.3,1187.6,25.01,34035.0,8.08,14.13
TAT-VEH-1315,Diesel,Manual,Hatchback,First,1138.7,81.4,1368.6,18.64,36201.0,9.58,15.53
TAT-VEH-1316,Petrol,Automatic,Sedan,Second,1436.9,101.6,1466.2,13.97,16018.0,9.26,17.28
TAT-VEH-1317,Petrol,Automatic,Luxury,First,3246.5,245.3,2481.2,16.96,111163.0,6.88,38.43
TAT-VEH-1318,Petrol,Manual,SUV,Second,1823.5,146.0,1778.4,12.95,22668.0,8.85,24.91
TAT-VEH-1319,Petrol,Automatic,Hatchback,Second,,137.2,1626.2,16.42,4098.0,10.0,20.69
TAT-VEH-1320,,Manual,SUV,Third,1520.1,123.9,1658.6,16.95,18065.0,9.53,23.43
TAT-VEH-1321,Diesel,Automatic,SUV,First,2325.8,188.4,2030.9,16.49,36082.0,8.28,29.64
TAT-VEH-1322,Diesel,Manual,SUV,Second,1941.9,,1794.0,17.22,25608.0,8.37,23.13
TAT-VEH-1323,Petrol,Manual,Sedan,First,1669.9,112.9,1594.8,14.37,16399.0,8.46,21.9
TAT-VEH-1324,Electric,Manual,Sedan,Third,0.0,141.6,1113.1,21.88,8335.0,9.67,21.7
TAT-VEH-1325,Diesel,Manual,Hatchback,First,1209.0,,1425.1,,78958.0,7.89,16.38
TAT-VEH-1326,Diesel,Manual,Hatchback,First,1367.9,89.7,1448.1,8.67,252130.0,2.99,9.73
TAT-VEH-1327,Diesel,Manual,Hatchback,Second,1138.9,83.3,1266.7,16.74,19991.0,9.16,14.56
TAT-VEH-1328,Petrol,Automatic,Hatchback,Second,1032.2,82.2,1333.3,14.33,23629.0,8.43,16.78
TAT-VEH-1329,Petrol,Manual,Sedan,First,1782.1,138.0,1737.0,20.02,45309.0,8.1,22.3
TAT-VEH-1330,Petrol,Manual,SUV,Third,1969.6,153.8,1789.9,12.26,59034.0,,28.39
TAT-VEH-1331,Diesel,Automatic,Sedan,First,,119.2,1523.6,19.46,24393.0,8.81,19.91
TAT-VEH-1332,Petrol,Automatic,Hatchback,First,1382.2,97.6,1551.6,19.99,107891.0,6.8,16.69
TAT-VEH-1333,Petrol,Manual,Luxury,First,2580.2,187.3,2145.9,11.56,38945.0,8.04,32.91
TAT-VEH-1334,Petrol,Manual,Luxury,First,3231.2,228.0,2439.5,16.68,28935.0,9.18,38.87
TAT-VEH-1335,Petrol,Manual,SUV,First,1850.5,160.2,1741.3,13.09,48816.0,8.13,24.97
TAT-VEH-1336,,Manual,Luxury,First,2940.1,220.7,2289.7,23.49,139405.0,6.45,32.13
TAT-VEH-1337,Diesel,Automatic,Sedan,First,,110.7,1621.3,16.75,73215.0,,15.23
TAT-VEH-1338,Diesel,Manual,Luxury,First,2392.9,168.3,2015.1,16.95,3838.0,9.39,30.45
TAT-VEH-1339,Petrol,Manual,Hatchback,First,1080.2,116.2,1391.0,23.67,20177.0,9.15,20.62
TAT-VEH-1340,Diesel,Automatic,Sedan,Second,1768.2,,1693.6,21.36,30616.0,8.59,21.81
TAT-VEH-1341,Diesel,Manual,Hatchback,Second,1329.9,94.6,1411.2,,18993.0,8.41,13.19
TAT-VEH-1342,Petrol,Manual,Hatchback,First,1187.6,94.1,1476.0,16.98,56207.0,7.68,14.53
TAT-VEH-1343,Petrol,Manual,Hatchback,First,1233.5,99.7,1498.6,10.68,80761.0,7.61,15.1
TAT-VEH-1344,Petrol,Automatic,Sedan,First,1439.2,119.4,1528.9,16.68,61145.0,8.25,19.96
TAT-VEH-1345,Diesel,Manual,SUV,First,2337.1,197.0,2029.1,136.5769213442735,206328.0,3.99,25.97
TAT-VEH-1346,Diesel,Automatic,Sedan,Second,1457.9,115.4,1417.9,16.61,16319.0,9.15,20.03
TAT-VEH-1347,Petrol,Manual,Hatchback,First,1231.8,79.7,1306.3,18.4,95571.0,7.63,13.23
TAT-VEH-1348,Petrol,Manual,SUV,First,2284.5,168.3,1903.4,17.61,67479.0,7.91,25.47
TAT-VEH-1349,,Automatic,Sedan,First,1342.5,104.4,1487.6,24.19,22236.0,9.59,19.99
TAT-VEH-1350,Diesel,Automatic,Sedan,First,1809.8,160.6,1768.6,17.83,61613.0,,26.36
TAT-VEH-1351,CNG,Automatic,SUV,Second,1615.4,104.4,1509.1,22.3,6945.0,7.25,20.36
TAT-VEH-1352,Diesel,Automatic,Hatchback,Third,1441.4,122.5,1546.7,17.99,72087.0,7.91,19.28
TAT-VEH-1353,Petrol,Automatic,Hatchback,First,1141.1,87.7,1393.9,19.81,36200.0,7.91,18.79
TAT-VEH-1354,Petrol,Manual,Luxury,First,2895.9,,2358.0,10.01,17557.0,9.17,39.09
TAT-VEH-1355,Diesel,Manual,Hatchback,Second,913.5,67.3,1143.0,,49991.0,8.19,10.34
TAT-VEH-1356,Petrol,Automatic,Sedan,Third,1407.0,95.4,1474.5,15.77,48177.0,9.38,17.27
TAT-VEH-1357,Diesel,Manual,SUV,First,1738.0,139.4,1637.6,17.76,12578.0,,25.54
TAT-VEH-1358,Electric,Automatic,SUV,First,0.0,156.4,1186.1,22.02,3389.0,9.8,23.68
TAT-VEH-1359,Diesel,Automatic,Hatchback,First,1105.9,,1412.8,21.65,27582.0,9.51,18.95
TAT-VEH-1360,Petrol,Manual,Hatchback,First,1176.4,88.1,1337.1,13.84,39928.0,8.88,16.23
TAT-VEH-1361,Diesel,Manual,Hatchback,First,1340.7,93.4,1414.4,13.76,96157.0,6.78,10.92
TAT-VEH-1362,Diesel,Automatic,Sedan,First,1539.5,96.8,1507.8,24.72,120535.0,7.0,14.78
TAT-VEH-1363,Diesel,Manual,Sedan,First,1559.5,126.8,1500.2,16.21,35862.0,8.11,20.67
TAT-VEH-1364,Electric,Automatic,Hatchback,First,0.0,150.6,1143.3,19.35,65073.0,8.13,21.99
TAT-VEH-1365,Petrol,Manual,Luxury,Second,2554.8,180.0,2080.5,18.81,28036.0,8.07,32.3
TAT-VEH-1366,Electric,Automatic,Sedan,First,0.0,126.5,1114.8,21.04,63684.0,8.1,18.5
TAT-VEH-1367,,Manual,Hatchback,First,1064.9,74.3,1253.5,24.37,12312.0,9.56,17.19
TAT-VEH-1368,Petrol,Automatic,Sedan,First,1857.7,121.5,1673.0,16.95,22868.0,10.0,21.76
TAT-VEH-1369,Petrol,Manual,SUV,First,1814.2,126.3,1625.4,18.75,47259.0,7.51,22.33
TAT-VEH-1370,Petrol,Manual,Hatchback,Third,1445.4,94.8,1442.7,14.5,2825.0,9.36,19.68
TAT-VEH-1371,Petrol,Manual,Hatchback,First,1160.5,82.1,1302.3,20.06,59681.0,8.59,13.83
TAT-VEH-1372,,Automatic,SUV,First,,,1851.8,9.09,83228.0,7.62,24.02
TAT-VEH-1373,Diesel,Automatic,Sedan,Second,1712.1,108.9,1586.6,21.13,24923.0,9.2,19.11
TAT-VEH-1374,Petrol,Manual,Sedan,First,1752.4,,1758.8,12.98,28735.0,8.41,25.69
TAT-VEH-1375,,Manual,Sedan,Third,,125.7,1561.7,19.62,87757.0,,17.41
TAT-VEH-1376,CNG,Manual,Hatchback,First,1138.8,76.1,1275.4,24.78,69256.0,8.57,13.1
TAT-VEH-1377,Petrol,Automatic,Hatchback,First,1188.6,92.4,1388.6,13.48,17295.0,9.27,17.83
TAT-VEH-1378,CNG,Automatic,Sedan,First,1565.6,122.4,1633.9,,19619.0,9.46,23.84
TAT-VEH-1379,Petrol,Manual,Hatchback,First,1330.7,114.1,1440.6,18.18,53117.0,8.21,19.96
TAT-VEH-1380,Petrol,Manual,Hatchback,Second,1197.6,80.0,1409.6,17.43,39272.0,7.97,14.65
TAT-VEH-1381,Diesel,Manual,SUV,Second,2152.7,,1897.5,16.12,9966.0,10.0,28.27
TAT-VEH-1382,Diesel,Manual,Luxury,First,3648.3,,2670.3,17.64,18693.0,9.57,45.29
TAT-VEH-1383,CNG,Manual,SUV,First,2093.3,141.0,1861.7,24.49,105609.0,8.17,23.67
TAT-VEH-1384,Diesel,Automatic,SUV,Second,2075.9,164.4,1854.4,18.88,54439.0,7.64,27.96
TAT-VEH-1385,CNG,Manual,Hatchback,Third,969.2,88.2,1311.6,26.0,194009.0,4.75,11.01
TAT-VEH-1386,Petrol,Automatic,Luxury,First,1940.7,176.6,1855.0,9.46,67555.0,7.08,298.8644064729556
TAT-VEH-1387,Petrol,Manual,Hatchback,First,1255.3,79.8,1395.3,16.5,130109.0,6.18,10.65
TAT-VEH-1388,Diesel,Manual,Luxury,First,2955.1,,2240.2,18.19,12961.0,10.0,37.18
TAT-VEH-1389,CNG,Automatic,Luxury,Second,2787.1,204.1,2144.3,22.82,68427.0,6.6,32.39
TAT-VEH-1390,Electric,Automatic,SUV,First,0.0,159.6,1179.8,20.14,2919.0,9.59,24.82
TAT-VEH-1391,Petrol,Automatic,Luxury,First,,214.1,2418.7,14.86,51994.0,7.98,36.02
TAT-VEH-1392,Petrol,Manual,Sedan,Second,,96.3,1465.3,6.0,30509.0,8.51,17.47
TAT-VEH-1393,Diesel,Manual,Hatchback,First,1366.2,93.2,1449.0,17.04,21161.0,9.43,17.38
TAT-VEH-1394,Petrol,Automatic,Sedan,First,1515.2,114.6,1581.6,12.87,91255.0,7.87,16.84
TAT-VEH-1395,Electric,Manual,Sedan,First,0.0,124.0,1094.7,23.33,88669.0,7.19,18.22
TAT-VEH-1396,CNG,Manual,Hatchback,First,1085.0,89.3,1251.6,22.89,3015.0,9.84,16.97
TAT-VEH-1397,Petrol,Manual,Sedan,First,1696.0,139.5,1648.0,14.85,44315.0,8.6,22.95
TAT-VEH-1398,Diesel,Manual,Luxury,First,2906.1,225.2,2313.5,23.32,22637.0,9.15,36.56
TAT-VEH-1399,Diesel,Automatic,Hatchback,First,1276.0,115.1,1519.5,21.78,26177.0,8.4,18.36
TAT-VEH-1400,Petrol,Manual,SUV,First,1878.6,145.9,1897.2,18.21,82282.0,8.11,25.66
TAT-VEH-1401,CNG,Manual,Luxury,Second,,190.4,2171.2,,18687.0,9.44,33.79
TAT-VEH-1402,Diesel,Manual,Luxury,Second,3026.7,243.4,2347.5,20.52,130950.0,6.3,33.27
TAT-VEH-1403,CNG,Manual,Luxury,First,2998.1,217.6,2363.4,24.03,10910.0,9.0,38.64
TAT-VEH-1404,Petrol,Manual,Sedan,First,1594.0,130.5,1700.2,14.91,50908.0,8.07,23.51
TAT-VEH-1405,CNG,Manual,Luxury,First,2885.5,235.3,2353.6,25.32,52178.0,,38.1
TAT-VEH-1406,Petrol,Manual,SUV,First,1538.9,120.9,1545.5,13.71,15078.0,8.45,24.03
TAT-VEH-1407,Petrol,Automatic,Hatchback,First,1132.1,67.0,1361.6,19.98,19670.0,,14.39
TAT-VEH-1408,CNG,Manual,Sedan,Second,1656.8,113.2,1646.1,24.18,83027.0,7.07,16.37
TAT-VEH-1409,Petrol,Manual,SUV,First,1923.7,160.2,1772.5,17.36,66560.0,8.21,25.97
TAT-VEH-1410,,Automatic,Hatchback,First,1160.0,85.0,1387.6,19.87,19961.0,8.84,16.71
TAT-VEH-1411,Electric,Automatic,Sedan,First,0.0,142.0,1154.9,24.58,36356.0,,20.46
TAT-VEH-1412,Electric,Manual,SUV,Second,0.0,1067.371872503437,1206.6,18.48,4865.0,9.17,25.78
TAT-VEH-1413,Diesel,Manual,Hatchback,First,1345.0,109.2,1490.4,20.25,12536.0,9.17,17.55
TAT-VEH-1414,Diesel,Manual,Sedan,First,1355.6,105.0,1469.1,21.38,31933.0,8.68,20.15
TAT-VEH-1415,Petrol,Automatic,SUV,First,1612.3,118.4,1671.7,18.18,6045.0,10.0,21.01
TAT-VEH-1416,Petrol,Automatic,Sedan,Second,,106.2,1468.1,12.16,85413.0,7.99,15.19
TAT-VEH-1417,Petrol,Automatic,Hatchback,Second,1124.4,94.6,1402.0,13.53,58964.0,8.73,15.83
TAT-VEH-1418,Diesel,Manual,Hatchback,First,,85.6,1263.7,21.78,131415.0,6.75,11.98
TAT-VEH-1419,Diesel,Automatic,Sedan,First,1462.9,106.6,1581.8,16.87,55209.0,7.62,18.74
TAT-VEH-1420,Diesel,Manual,Luxury,First,3189.6,,2484.0,18.16,128906.0,5.38,36.41
TAT-VEH-1421,Diesel,Manual,Hatchback,First,1195.6,88.1,1452.1,23.41,38386.0,,15.54
TAT-VEH-1422,Petrol,Manual,Sedan,Second,1559.4,106.7,1587.1,120.14084935310966,43258.0,9.36,17.31
TAT-VEH-1423,,Automatic,Hatchback,Second,1469.0,101.1,1455.7,,171695.0,4.57,12.21
TAT-VEH-1424,Petrol,Manual,Hatchback,Second,1145.6,74.2,1407.7,12.87,48241.0,7.67,15.63
TAT-VEH-1425,Diesel,Automatic,SUV,Second,2067.6,151.8,1930.7,19.93,3407.0,9.44,27.73
TAT-VEH-1426,Petrol,Manual,SUV,First,,155.1,1836.6,11.5,59899.0,7.95,26.69
TAT-VEH-1427,CNG,Manual,Hatchback,First,1070.0,70.6,1262.9,24.01,108147.0,6.87,12.64
TAT-VEH-1428,Petrol,Manual,Sedan,Second,1381.0,105.8,1482.5,16.5,73441.0,7.85,16.29
TAT-VEH-1429,Petrol,Manual,Hatchback,First,1125.2,76.5,1342.3,19.4,41450.0,8.12,13.95
TAT-VEH-1430,Petrol,Automatic,Sedan,Second,1569.9,114.6,1550.8,17.5,52068.0,8.72,22.68
TAT-VEH-1431,Diesel,Manual,SUV,First,2585.3,175.8,2179.0,17.0,210104.0,3.41,25.75
TAT-VEH-1432,Diesel,Automatic,Hatchback,First,1089.6,79.1,1336.3,22.3,6277.0,9.53,13.41
TAT-VEH-1433,Petrol,Automatic,Hatchback,Third,1134.5,82.8,1218.9,14.6,51516.0,8.74,14.55
TAT-VEH-1434,Petrol,Automatic,Sedan,First,1485.4,117.9,1581.6,11.79,16996.0,8.93,21.38
TAT-VEH-1435,Diesel,Manual,Luxury,Third,3151.3,239.0,2433.0,18.52,47986.0,8.09,40.17
TAT-VEH-1436,Petrol,Manual,Luxury,Third,3098.4,218.0,2375.7,19.81,44099.0,8.9,35.16
TAT-VEH-1437,CNG,Manual,Hatchback,Second,1389.6,117.2,1510.9,24.83,9497.0,9.01,19.98
TAT-VEH-1438,Diesel,Automatic,SUV,Second,1391.4,,1544.6,19.04,12423.0,9.21,19.04
TAT-VEH-1439,Petrol,Automatic,Sedan,First,1020.6,78.9,1360.4,20.41,45735.0,,13.58
TAT-VEH-1440,Petrol,Manual,Sedan,Second,1398.8,104.8,1515.7,11.21,8175.0,10.0,21.05
TAT-VEH-1441,Electric,Automatic,SUV,First,0.0,,1050.8,18.79,15866.0,,18.1
TAT-VEH-1442,Petrol,Manual,Luxury,First,3431.9,260.0,2599.1,10.65,83148.0,7.71,39.94
TAT-VEH-1443,Petrol,Automatic,Luxury,First,2366.7,183.2,2037.3,,19827.0,9.55,28.69
TAT-VEH-1444,CNG,Manual,Sedan,First,896.5,46.3,1139.4,24.83,32130.0,8.24,11.48
TAT-VEH-1445,Electric,Automatic,Sedan,First,0.0,126.5,1095.2,,129467.0,6.17,17.38
TAT-VEH-1446,Electric,Manual,SUV,First,0.0,133.6,1107.0,22.61,13595.0,9.39,20.53
TAT-VEH-1447,Diesel,Automatic,Hatchback,First,1282.7,99.3,1524.2,17.87,24216.0,9.3,18.12
TAT-VEH-1448,Petrol,Automatic,Sedan,Second,1546.7,130.3,1679.9,15.51,43966.0,8.61,22.96
TAT-VEH-1449,Petrol,Automatic,Sedan,First,1280.0,86.7,1380.5,15.85,65355.0,8.16,16.9
TAT-VEH-1450,Diesel,Manual,SUV,Third,1751.6,125.4,1717.6,14.32,106367.0,6.57,19.99
TAT-VEH-1451,Diesel,Manual,Hatchback,Second,1051.5,72.7,1252.2,26.59,113181.0,6.6,9.41
TAT-VEH-1452,Petrol,Manual,Hatchback,Second,1213.6,81.4,1413.1,17.06,69454.0,7.08,11.63
TAT-VEH-1453,CNG,Manual,Luxury,First,,201.5,2187.8,24.92,13664.0,9.22,32.9
TAT-VEH-1454,Petrol,Manual,Hatchback,Second,1271.1,104.6,1405.2,17.35,3131.0,10.0,19.56
TAT-VEH-1455,Diesel,Automatic,Sedan,First,927.1,56.9,1230.7,20.99,23786.0,,11.05
TAT-VEH-1456,Petrol,Manual,Hatchback,Second,1068.5,85.3,1203.5,15.08,8868.0,9.53,16.19
TAT-VEH-1457,Diesel,Manual,Hatchback,First,1028.1,56.7,1164.0,17.23,57765.0,9.29,9.48
TAT-VEH-1458,Petrol,Manual,Hatchback,Second,1158.5,80.2,1347.1,17.3,50696.0,7.54,12.74
TAT-VEH-1459,Petrol,Manual,Hatchback,Third,1116.3,79.8,1344.3,16.66,4024.0,9.02,14.37
TAT-VEH-1460,Petrol,Automatic,SUV,First,2197.5,184.9,1962.9,13.07,83518.0,8.44,31.01
TAT-VEH-1461,Diesel,Manual,Hatchback,First,918.1,65.6,1156.4,22.97,14870.0,9.4,14.39
TAT-VEH-1462,Diesel,Automatic,Luxury,Second,3011.2,199.4,2261.5,19.82,27472.0,8.87,36.73
TAT-VEH-1463,Diesel,Manual,Sedan,First,1609.7,,1574.7,21.04,51609.0,,18.22
TAT-VEH-1464,Electric,Automatic,Sedan,Second,0.0,140.9,1131.3,25.48,27249.0,9.29,20.83
TAT-VEH-1465,Petrol,Automatic,Sedan,First,,147.6,1772.4,15.57,28195.0,9.32,27.43
TAT-VEH-1466,Petrol,Manual,Sedan,First,1401.6,109.6,1572.4,16.45,5055.0,9.0,20.76
TAT-VEH-1467,CNG,Automatic,SUV,Third,2079.1,157.9,1892.3,26.12,25096.0,9.0,27.74
TAT-VEH-1468,Petrol,Manual,Hatchback,Second,926.4,83.4,1245.4,13.33,67139.0,7.68,13.49
TAT-VEH-1469,Electric,Automatic,Sedan,Second,0.0,126.5,1052.2,22.14,113023.0,6.72,11.5
TAT-VEH-1470,Petrol,Manual,SUV,First,1400.0,,1459.1,15.88,26011.0,,22.55
TAT-VEH-1471,Electric,Automatic,Luxury,Second,0.0,99.2,992.6,19.61,26792.0,,16.53
TAT-VEH-1472,Petrol,Automatic,SUV,First,2209.2,154.8,1965.8,22.45,56575.0,,26.64
TAT-VEH-1473,CNG,Automatic,Sedan,First,1496.9,90.6,1534.7,21.69,130732.0,5.85,13.22
TAT-VEH-1474,Diesel,Automatic,SUV,Second,2292.6,,2044.0,15.37,15981.0,9.21,30.06
TAT-VEH-1475,Electric,Manual,Sedan,First,0.0,138.8,1081.9,25.29,28103.0,8.92,20.05
TAT-VEH-1476,Petrol,Manual,Sedan,First,1223.3,93.1,1478.2,17.64,73528.0,7.23,16.55
TAT-VEH-1477,Diesel,Manual,Hatchback,First,1275.0,96.4,1427.6,16.13,44337.0,8.27,14.97
TAT-VEH-1478,Electric,Manual,Sedan,Second,0.0,116.8,1115.6,23.52,7274.0,9.43,19.58
TAT-VEH-1479,Diesel,Automatic,Hatchback,First,1477.3,108.5,1537.2,23.11,46466.0,9.44,19.69
TAT-VEH-1480,Diesel,Manual,Hatchback,Second,1260.0,76.5,1417.6,18.92,11302.0,10.0,15.52
TAT-VEH-1481,Diesel,Automatic,SUV,First,2067.1,171.4,1975.7,26.28,34121.0,9.39,29.64
TAT-VEH-1482,Diesel,Automatic,Hatchback,First,1198.3,86.2,1375.2,14.17,35890.0,,14.3
TAT-VEH-1483,Diesel,Automatic,Hatchback,Second,961.4,66.2,1262.9,20.94,96010.0,6.39,8.97
TAT-VEH-1484,Diesel,Manual,Hatchback,First,1400.3,124.1,1614.8,22.27,29937.0,8.92,22.12
TAT-VEH-1485,CNG,Automatic,Luxury,First,2748.7,191.2,2183.4,26.28,16748.0,9.9,34.21
TAT-VEH-1486,Petrol,Automatic,Sedan,First,,106.4,1509.6,14.89,13818.0,8.65,16.95
TAT-VEH-1487,Petrol,Manual,Sedan,First,1185.4,75.8,1461.5,14.63,95306.0,7.46,13.37
TAT-VEH-1488,Electric,Automatic,SUV,Second,0.0,138.3,1072.3,23.11,10440.0,10.0,20.73
TAT-VEH-1489,CNG,Automatic,SUV,First,1703.1,132.9,1686.3,26.13,26970.0,9.67,23.01
TAT-VEH-1490,Diesel,Manual,Hatchback,Second,1412.3,114.8,1589.1,20.69,11326.0,10.0,19.26
TAT-VEH-1491,Diesel,Manual,SUV,First,1911.2,174.2,1824.0,21.91,68787.0,,26.0
TAT-VEH-1492,Petrol,Manual,SUV,First,2361.3,150.1,1901.3,12.44,30942.0,9.5,27.73
TAT-VEH-1493,Petrol,Manual,SUV,Third,1978.4,155.7,1844.4,14.82,21464.0,8.76,27.1
TAT-VEH-1494,Diesel,Manual,Hatchback,First,920.7,62.4,1138.6,16.37,22160.0,9.64,11.72
TAT-VEH-1495,Petrol,Manual,SUV,First,2221.0,159.5,1911.7,14.34,88040.0,7.68,25.0
TAT-VEH-1496,Diesel,Manual,Sedan,First,1380.0,96.1,1485.5,21.84,38312.0,8.88,18.16
TAT-VEH-1497,Petrol,Manual,Hatchback,First,1301.8,86.7,1408.9,15.82,58942.0,8.91,15.75
TAT-VEH-1498,Electric,Automatic,Sedan,First,0.0,,1128.1,28.52,104303.0,6.5,23.21
TAT-VEH-1499,Electric,Manual,Hatchback,First,0.0,161.1,1232.5,22.48,106407.0,6.65,22.88
TAT-VEH-1500,Diesel,Automatic,Hatchback,First,1200.8,90.3,1401.2,,19921.0,9.29,18.5
TAT-VEH-1501,Diesel,Manual,SUV,First,1612.2,137.1,1728.6,19.3,139070.0,5.21,20.15
TAT-VEH-1502,,Manual,Hatchback,First,1221.6,73.5,1348.3,13.59,3134.0,9.85,15.52
TAT-VEH-1503,CNG,Manual,Sedan,First,1937.2,129.3,1707.3,24.38,23283.0,8.1,24.11
TAT-VEH-1504,Diesel,Manual,Sedan,First,1596.6,93.6,1556.3,22.16,103764.0,7.46,15.33
TAT-VEH-1505,Petrol,Manual,Hatchback,Second,1188.4,80.7,1356.9,15.84,16449.0,9.36,17.4
TAT-VEH-1506,CNG,Automatic,Luxury,Third,3423.1,258.7,2535.9,22.91,16352.0,9.02,44.42
TAT-VEH-1507,CNG,Manual,Hatchback,First,1228.6,93.4,1487.0,22.65,18219.0,8.78,16.39
TAT-VEH-1508,Electric,Automatic,Hatchback,Second,0.0,143.7,1078.1,20.87,44640.0,8.38,19.22
TAT-VEH-1509,Diesel,Automatic,Hatchback,First,1228.4,75.2,1275.9,19.21,27958.0,9.41,13.23
TAT-VEH-1510,Diesel,Manual,Hatchback,First,1033.3,87.1,1395.8,22.34,60379.0,8.4,16.48
TAT-VEH-1511,Petrol,Manual,Hatchback,First,1232.1,95.3,1394.3,,103382.0,6.42,11.91
TAT-VEH-1512,Electric,Automatic,SUV,First,0.0,158.3,1115.4,21.2,52466.0,7.79,23.07
TAT-VEH-1513,CNG,Manual,Luxury,First,3407.2,232.8,2436.3,24.79,12293.0,9.84,40.17
TAT-VEH-1514,Petrol,Manual,Hatchback,First,1071.6,84.1,1422.4,10.0,123425.0,5.84,14.01
TAT-VEH-1515,Petrol,Automatic,SUV,First,2354.1,162.3,1915.2,13.0,15824.0,9.38,28.69
TAT-VEH-1516,Petrol,Manual,SUV,Third,1975.1,143.4,1802.7,13.46,9308.0,9.61,23.83
TAT-VEH-1517,CNG,Automatic,SUV,First,1776.1,,1766.3,22.91,6242.0,9.81,23.89
TAT-VEH-1518,Electric,Automatic,Sedan,First,0.0,142.3,1126.8,22.48,39292.0,9.19,19.37
TAT-VEH-1519,Petrol,Manual,Hatchback,Second,1346.6,90.8,1445.3,15.02,7435.0,8.83,17.02
TAT-VEH-1520,Diesel,Manual,Hatchback,First,1154.0,86.6,1285.3,,8723.0,8.4,16.2
TAT-VEH-1521,Petrol,Manual,SUV,First,2187.9,145.7,1839.5,16.78,18052.0,8.94,24.21
TAT-VEH-1522,Electric,Manual,SUV,Second,0.0,168.8,1181.4,26.31,16886.0,10.0,27.69
TAT-VEH-1523,CNG,Manual,Hatchback,Third,1153.2,84.0,1324.3,27.78,43713.0,9.76,12.97
TAT-VEH-1524,CNG,Automatic,Sedan,Second,1486.0,124.9,1592.5,20.65,78360.0,8.66,21.84
TAT-VEH-1525,Diesel,Manual,Luxury,Second,3190.4,233.0,2483.2,20.62,66474.0,7.78,39.49
TAT-VEH-1526,Petrol,Manual,SUV,Second,2070.7,149.0,1895.4,14.97,15701.0,8.28,28.08
TAT-VEH-1527,Petrol,Automatic,Luxury,Third,2194.8,155.4,1845.4,15.97,14665.0,7.98,26.25
TAT-VEH-1528,Petrol,Automatic,SUV,First,1717.7,139.3,1809.3,14.31,153888.0,5.03,20.12
TAT-VEH-1529,CNG,Automatic,Sedan,First,1683.9,117.8,1672.2,24.74,2372.0,9.61,20.49
TAT-VEH-1530,CNG,Manual,Sedan,First,1471.6,118.1,1560.2,24.8,97307.0,7.8,19.45
TAT-VEH-1531,Electric,Automatic,SUV,First,0.0,130.4,1130.5,20.55,12026.0,9.98,20.71
TAT-VEH-1532,Electric,Manual,Hatchback,Second,0.0,90.6,1094.8,19.76,134428.0,6.1,10.35
TAT-VEH-1533,,Manual,Sedan,First,1393.3,97.7,1410.0,17.74,20856.0,8.67,16.1
TAT-VEH-1534,Diesel,Manual,SUV,First,1658.4,,1594.7,19.66,28120.0,8.42,16.36
TAT-VEH-1535,Electric,Automatic,Hatchback,First,0.0,140.8,983.1,23.5,57260.0,,17.96
TAT-VEH-1536,CNG,Manual,SUV,Second,1728.1,115.3,1652.7,26.21,41867.0,9.02,22.09
TAT-VEH-1537,Petrol,Manual,Sedan,First,1093.6,93.1,1383.8,14.02,19219.0,9.49,16.72
TAT-VEH-1538,Diesel,Manual,Luxury,Second,2952.5,220.3,2332.2,19.79,38318.0,8.08,36.31
TAT-VEH-1539,Petrol,Manual,Hatchback,First,1107.2,80.9,1307.0,18.39,61038.0,8.45,14.78
TAT-VEH-1540,Electric,Automatic,Hatchback,First,0.0,156.4,1038.5,24.91,3947.0,9.94,26.51
TAT-VEH-1541,Diesel,Automatic,Sedan,First,1304.7,109.4,1498.8,18.84,2507.0,,22.51
TAT-VEH-1542,Petrol,Automatic,Hatchback,First,1186.8,,1460.2,14.84,29568.0,8.48,15.32
TAT-VEH-1543,Diesel,Manual,SUV,Second,2089.0,,1820.1,19.54,8362.0,9.97,23.54
TAT-VEH-1544,Diesel,Manual,SUV,Third,2521.3,,2074.0,15.78,51125.0,8.2,32.0
TAT-VEH-1545,Petrol,Manual,Hatchback,First,970.2,64.5,1172.4,14.92,12839.0,10.0,16.49
TAT-VEH-1546,Petrol,Manual,Sedan,First,1729.9,122.3,1684.1,17.73,27521.0,9.31,22.28
TAT-VEH-1547,Diesel,Manual,Sedan,First,1692.6,128.2,1643.2,20.8,11911.0,9.17,21.22
TAT-VEH-1548,Diesel,Automatic,Sedan,Second,1342.2,96.5,1422.9,18.24,37781.0,,18.63
TAT-VEH-1549,Diesel,Manual,Luxury,Second,3074.3,238.8,2385.0,19.61,7551.0,9.62,40.12
TAT-VEH-1550,Diesel,Manual,SUV,First,1883.6,,1724.3,16.69,3052.0,9.28,24.4
TAT-VEH-1551,CNG,Manual,SUV,First,,152.6,1866.2,25.91,4362.0,9.13,28.81
TAT-VEH-1552,Diesel,Manual,SUV,Second,2375.3,192.4,1996.7,18.78,140814.0,6.2,27.94
TAT-VEH-1553,Diesel,Manual,Sedan,First,1619.1,125.5,1610.6,18.23,8907.0,10.0,20.98
TAT-VEH-1554,CNG,Automatic,Luxury,First,3196.4,239.0,2464.2,23.78,57469.0,8.52,38.22
TAT-VEH-1555,Petrol,Automatic,SUV,First,1890.4,134.6,1693.2,15.31,5165.0,10.0,25.4
TAT-VEH-1556,Petrol,Automatic,SUV,First,1627.0,114.4,1695.3,14.16,7151.0,9.27,22.68
TAT-VEH-1557,Petrol,Manual,SUV,Second,1945.9,135.7,1727.6,17.47,33998.0,9.83,23.96
TAT-VEH-1558,Diesel,Manual,Hatchback,Third,1378.0,96.9,1441.1,17.89,30136.0,8.4,19.03
TAT-VEH-1559,Diesel,Manual,SUV,First,1616.2,130.3,1592.5,23.46,138253.0,5.24,17.53
TAT-VEH-1560,Diesel,Manual,Hatchback,First,,75.2,1391.5,23.1,132385.0,4.96,10.95
TAT-VEH-1561,Petrol,Automatic,Hatchback,First,1215.9,75.0,1390.7,12.83,70056.0,7.53,8.09
TAT-VEH-1562,Petrol,Manual,Hatchback,First,1049.3,99.9,1320.2,15.71,43470.0,8.26,16.18
TAT-VEH-1563,Petrol,Manual,Luxury,First,2676.0,204.5,2253.2,13.55,29310.0,9.28,35.78
TAT-VEH-1564,Petrol,Manual,SUV,First,1892.1,125.0,1734.8,14.52,21815.0,9.32,22.22
TAT-VEH-1565,Diesel,Manual,SUV,First,1656.6,118.9,1639.9,24.61,134260.0,5.25,16.4
TAT-VEH-1566,Petrol,Automatic,SUV,First,1754.5,132.9,1679.1,14.58,43562.0,8.32,21.04
TAT-VEH-1567,Petrol,Manual,Sedan,First,,143.4,1644.6,16.58,40938.0,8.41,25.3
TAT-VEH-1568,CNG,Manual,Luxury,First,2470.1,,2061.4,25.58,13873.0,8.34,31.21
TAT-VEH-1569,Petrol,Manual,Sedan,First,1178.4,100.1,1385.4,12.5,4152.0,9.09,20.01
TAT-VEH-1570,,Manual,Sedan,First,1372.0,119.7,1620.3,16.61,132674.0,,14.57
TAT-VEH-1571,Diesel,Automatic,Hatchback,Third,1306.8,90.5,1370.2,15.62,18942.0,10.0,16.71
TAT-VEH-1572,Petrol,Automatic,SUV,First,1948.8,142.8,1865.9,12.84,28300.0,9.11,24.91
TAT-VEH-1573,Diesel,Automatic,SUV,First,1881.9,128.7,1724.8,11.02,7479.0,9.98,384.5441919715436
TAT-VEH-1574,CNG,Automatic,Sedan,Second,1506.9,110.6,1568.9,25.59,83609.0,6.51,16.85
TAT-VEH-1575,Electric,Manual,Hatchback,Third,0.0,139.1,1139.4,27.14,3261.0,10.0,21.74
TAT-VEH-1576,Petrol,Automatic,SUV,First,1561.6,125.0,1577.5,15.94,82807.0,,20.85
TAT-VEH-1577,Electric,Manual,Hatchback,Second,0.0,167.3,1211.5,18.46,8802.0,8.35,22.91
TAT-VEH-1578,Diesel,Manual,SUV,First,2121.7,150.2,1732.7,17.2,99943.0,6.52,25.36
TAT-VEH-1579,Petrol,Automatic,Luxury,First,3146.4,212.4,2346.2,14.12,60882.0,8.36,35.51
TAT-VEH-1580,Diesel,Manual,Sedan,First,1416.1,106.0,1464.4,16.15,10097.0,9.9,19.57
TAT-VEH-1581,Electric,Automatic,Hatchback,Second,0.0,147.3,1055.6,24.15,39543.0,8.26,22.73
TAT-VEH-1582,Diesel,Manual,SUV,Second,2249.5,171.7,1955.8,21.27,18871.0,9.08,27.45
TAT-VEH-1583,Petrol,Automatic,SUV,First,1716.1,124.8,1681.9,12.03,10833.0,9.13,21.96
TAT-VEH-1584,Diesel,Automatic,Sedan,First,1723.6,130.8,1715.4,21.03,90213.0,7.29,20.48
TAT-VEH-1585,Petrol,Automatic,Luxury,First,3054.8,247.3,2449.5,20.08,25252.0,,42.96
TAT-VEH-1586,Petrol,Automatic,Hatchback,First,1146.5,90.6,1344.5,21.21,24878.0,8.63,16.53
TAT-VEH-1587,Petrol,Automatic,Sedan,First,1494.0,107.6,1560.4,24.1,10379.0,10.0,20.97
TAT-VEH-1588,Petrol,Manual,SUV,Second,1971.2,141.8,1800.6,12.79,23735.0,8.65,24.19
TAT-VEH-1589,Petrol,Manual,SUV,Second,2303.1,170.7,2029.6,23.97,94373.0,6.6,27.59
TAT-VEH-1590,Petrol,Manual,Hatchback,Second,1035.5,1005.3853364693762,1394.5,14.44,22303.0,9.65,20.27
TAT-VEH-1591,Diesel,Automatic,SUV,Second,1807.4,133.4,1717.6,17.34,138275.0,6.4,20.56
TAT-VEH-1592,Petrol,Manual,Sedan,First,1705.3,,1621.2,16.48,133603.0,6.49,17.96
TAT-VEH-1593,Petrol,Automatic,Sedan,Second,1378.9,97.6,1444.0,13.75,9044.0,8.75,19.58
TAT-VEH-1594,CNG,Manual,Hatchback,First,1332.1,,1471.5,25.3,10783.0,9.21,21.36
TAT-VEH-1595,Diesel,Manual,SUV,First,2422.9,205.2,2095.3,15.3,91343.0,7.68,32.21
TAT-VEH-1596,Diesel,Automatic,Hatchback,First,1136.7,90.7,1388.0,,24447.0,9.13,18.51
TAT-VEH-1597,Petrol,Manual,Hatchback,First,1299.2,98.4,1486.5,19.36,2197.0,9.09,20.81
TAT-VEH-1598,Petrol,Manual,Hatchback,First,1023.9,77.2,1298.8,15.33,16401.0,9.61,14.91
TAT-VEH-1599,Petrol,Manual,SUV,First,2186.7,135.4,1854.7,15.92,42967.0,8.14,24.77
TAT-VEH-1600,Petrol,Automatic,SUV,Second,2047.9,162.5,1880.2,16.93,74260.0,8.76,25.36
TAT-VEH-1601,Petrol,Automatic,SUV,First,2116.3,160.3,1865.7,19.01,8442.0,10.0,26.84
TAT-VEH-1602,Petrol,Manual,Hatchback,First,1100.2,87.7,1308.1,10.53,7271.0,9.95,16.37
TAT-VEH-1603,Petrol,Manual,Sedan,Third,1165.8,78.9,1267.5,17.25,116851.0,7.28,11.02
TAT-VEH-1604,Petrol,Manual,Sedan,First,1598.7,115.3,1563.0,14.7,64590.0,7.99,16.58
TAT-VEH-1605,Diesel,Automatic,SUV,First,,106.2,1557.9,19.47,42098.0,9.06,20.14
TAT-VEH-1606,,Automatic,Luxury,First,2866.1,227.2,2286.0,18.68,67977.0,8.74,31.82
TAT-VEH-1607,,Manual,Hatchback,First,1338.2,95.8,1446.0,11.92,27205.0,9.17,21.71
TAT-VEH-1608,Diesel,Manual,SUV,First,2046.0,178.4,1935.4,16.16,65932.0,7.76,30.7
TAT-VEH-1609,Diesel,Manual,Hatchback,First,1489.3,116.9,1589.5,13.58,22921.0,8.12,20.67
TAT-VEH-1610,Petrol,Automatic,Sedan,First,1703.0,112.4,1573.1,,14593.0,9.33,20.78
TAT-VEH-1611,Diesel,Automatic,Hatchback,First,1098.9,80.9,1386.7,22.73,60756.0,8.56,353.31824919372065
TAT-VEH-1612,Diesel,Manual,Hatchback,First,1201.1,82.3,1432.5,18.66,26487.0,9.61,15.1
TAT-VEH-1613,Petrol,Manual,Sedan,First,1488.5,85.3,1427.7,11.48,181251.0,4.92,10.41
TAT-VEH-1614,CNG,Manual,Sedan,First,1181.6,107.8,1391.9,23.53,21350.0,8.87,18.83
TAT-VEH-1615,Electric,Automatic,Hatchback,Second,0.0,985.4687699549988,1203.6,18.28,116640.0,5.28,20.12
TAT-VEH-1616,Petrol,Manual,SUV,First,1762.9,138.6,1706.2,12.12,123613.0,5.97,20.49
TAT-VEH-1617,Petrol,Automatic,Sedan,First,1385.8,105.9,1388.8,16.67,14460.0,9.2,17.1
TAT-VEH-1618,,Automatic,Hatchback,Second,891.6,50.3,1117.8,22.15,74026.0,7.5,8.72
TAT-VEH-1619,Diesel,Manual,SUV,First,2009.9,144.9,1803.2,22.12,27539.0,9.38,25.55
TAT-VEH-1620,Petrol,Manual,Hatchback,First,1159.6,97.1,1340.5,15.29,114287.0,7.73,13.98
TAT-VEH-1621,Petrol,Manual,Sedan,First,1163.4,74.6,1323.0,15.76,28913.0,9.05,14.09
TAT-VEH-1622,Petrol,Automatic,SUV,Second,2099.1,127.1,1804.1,14.66,63369.0,7.86,23.44
TAT-VEH-1623,Diesel,Automatic,Hatchback,Second,,95.1,1517.4,21.16,30313.0,8.78,479.9413641774375
TAT-VEH-1624,Diesel,Automatic,Hatchback,First,1231.1,90.6,1392.9,21.19,13633.0,9.49,17.63
TAT-VEH-1625,Petrol,Manual,Sedan,Second,,109.1,1578.0,16.51,12005.0,8.96,22.45
TAT-VEH-1626,,Manual,Luxury,First,3229.6,251.0,2579.3,20.58,26936.0,9.1,41.82
TAT-VEH-1627,Diesel,Automatic,Sedan,First,1634.0,130.2,1719.1,18.41,65383.0,8.2,21.93
TAT-VEH-1628,Petrol,Automatic,SUV,First,2074.9,158.7,1887.2,17.13,43807.0,8.67,26.58
TAT-VEH-1629,Petrol,Manual,Sedan,First,1333.1,114.3,1404.2,14.49,54505.0,8.52,20.41
TAT-VEH-1630,Diesel,Automatic,Hatchback,Second,1238.5,74.7,1393.3,19.01,16928.0,9.58,14.87
TAT-VEH-1631,CNG,Automatic,Sedan,First,1737.1,,1751.2,23.95,31551.0,7.84,25.77
TAT-VEH-1632,Diesel,Manual,SUV,First,1848.8,146.2,1758.5,17.72,4043.0,10.0,26.02
TAT-VEH-1633,Diesel,Automatic,Hatchback,Third,1511.7,98.5,1612.6,17.07,78553.0,7.15,15.45
TAT-VEH-1634,Petrol,Automatic,Hatchback,First,1118.2,65.8,1348.9,16.9,208750.0,3.18,7.31
TAT-VEH-1635,Petrol,Automatic,Hatchback,First,1201.9,81.2,1402.1,19.43,25506.0,8.41,15.28
TAT-VEH-1636,Diesel,Manual,Sedan,First,1363.5,94.3,1517.3,,2496.0,9.99,19.73
TAT-VEH-1637,Petrol,Manual,Luxury,Second,3082.3,,2446.0,11.73,10374.0,9.37,36.54
TAT-VEH-1638,Petrol,Automatic,Hatchback,Second,935.7,62.8,1109.9,19.37,49568.0,7.37,11.11
TAT-VEH-1639,Petrol,Manual,Sedan,First,1388.8,93.9,1445.9,14.55,44613.0,8.81,16.02
TAT-VEH-1640,Petrol,Manual,Hatchback,Second,1033.2,70.2,1347.0,17.3,71774.0,6.89,10.69
TAT-VEH-1641,Petrol,Manual,Luxury,First,3047.1,242.0,2381.1,12.78,15179.0,9.45,39.51
TAT-VEH-1642,Petrol,Manual,Hatchback,Second,1346.2,101.1,1462.7,15.93,66906.0,8.03,15.91
TAT-VEH-1643,Petrol,Automatic,Sedan,First,1627.2,119.9,1567.0,16.44,54412.0,8.78,19.97
TAT-VEH-1644,Petrol,Automatic,SUV,First,1405.1,104.1,1591.2,11.05,19541.0,10.0,17.62
TAT-VEH-1645,CNG,Manual,SUV,Third,2508.5,203.6,2221.0,25.72,37484.0,,34.51
TAT-VEH-1646,Diesel,Manual,Sedan,First,1557.1,107.8,1520.3,22.77,9169.0,9.51,22.22
TAT-VEH-1647,Diesel,Manual,Hatchback,First,1080.5,96.8,1377.5,18.51,29113.0,8.8,17.76
TAT-VEH-1648,Diesel,Automatic,Sedan,First,1529.4,117.2,1544.3,22.81,97863.0,7.26,19.08
TAT-VEH-1649,Diesel,Automatic,Hatchback,Third,1223.4,89.8,1433.4,18.47,26605.0,9.17,18.52
TAT-VEH-1650,Petrol,Manual,Hatchback,First,1097.0,112.3,1440.2,,84344.0,7.18,19.16
TAT-VEH-1651,Diesel,Automatic,Sedan,First,1537.6,102.7,1585.5,12.79,42150.0,,21.37
TAT-VEH-1652,Diesel,Automatic,Hatchback,First,1105.9,78.7,1350.4,25.77,11587.0,8.8,14.98
TAT-VEH-1653,Diesel,Automatic,Hatchback,First,1136.3,70.4,1470.5,23.19,41156.0,9.22,363.3813884716901
TAT-VEH-1654,Petrol,Automatic,SUV,First,1826.4,148.4,1708.8,14.65,33733.0,9.11,26.18
TAT-VEH-1655,Petrol,Manual,Luxury,Second,2419.9,201.8,2015.9,9.58,24885.0,9.64,34.36
TAT-VEH-1656,Petrol,Automatic,Sedan,Third,,134.6,1601.4,16.36,7734.0,9.39,25.01
TAT-VEH-1657,Petrol,Manual,Hatchback,First,1284.8,111.0,1398.8,11.17,26258.0,,22.1
TAT-VEH-1658,Diesel,Automatic,Hatchback,First,1274.2,93.2,1354.3,20.25,5400.0,,17.76
TAT-VEH-1659,,Automatic,Luxury,First,3321.0,244.7,2474.0,20.15,6680.0,9.82,42.11
TAT-VEH-1660,Petrol,Automatic,Hatchback,First,1245.7,73.4,1323.4,12.68,26197.0,8.43,12.91
TAT-VEH-1661,Electric,Automatic,Hatchback,Second,0.0,190.9,1179.5,24.8,18398.0,10.0,31.27
TAT-VEH-1662,Diesel,Manual,Sedan,First,1391.5,110.0,1537.9,21.26,118890.0,5.62,15.63
TAT-VEH-1663,Petrol,Manual,Sedan,First,1665.9,119.0,1605.3,18.43,23201.0,9.3,20.92
TAT-VEH-1664,Petrol,Automatic,Sedan,Second,1226.5,107.9,1440.0,15.53,65820.0,8.86,17.0
TAT-VEH-1665,Petrol,Automatic,Hatchback,First,1061.9,68.0,1336.4,11.25,36000.0,9.13,12.43
TAT-VEH-1666,Petrol,Manual,Hatchback,First,1052.4,83.8,1289.5,18.43,56796.0,8.28,13.14
TAT-VEH-1667,Petrol,Manual,Luxury,First,3425.0,254.8,2572.5,14.69,15557.0,8.77,42.03
TAT-VEH-1668,Petrol,Manual,Hatchback,Second,1338.4,108.0,1506.7,11.33,130055.0,5.26,13.24
TAT-VEH-1669,Petrol,Automatic,SUV,Third,2119.8,,1790.4,19.56,35984.0,9.23,25.32
TAT-VEH-1670,Petrol,Automatic,SUV,First,2266.0,152.5,1805.1,21.8,82090.0,8.36,26.97
TAT-VEH-1671,CNG,Manual,Sedan,Third,1322.1,100.1,1480.3,24.42,22439.0,8.9,19.62
TAT-VEH-1672,Petrol,Manual,Hatchback,First,1249.3,106.3,1477.6,21.98,6752.0,8.92,21.26
TAT-VEH-1673,Diesel,Automatic,Hatchback,First,1178.2,88.0,1485.6,19.26,52399.0,6.83,17.66
TAT-VEH-1674,Petrol,Automatic,Sedan,First,1667.4,134.4,1677.5,14.36,2351.0,9.14,27.17
TAT-VEH-1675,Electric,Manual,SUV,First,0.0,113.9,1075.7,20.42,31021.0,,15.15
TAT-VEH-1676,Petrol,Manual,Luxury,First,2946.9,220.7,2323.4,20.41,11638.0,10.0,35.79
TAT-VEH-1677,Petrol,Manual,Hatchback,First,1139.3,78.0,1358.6,13.16,46423.0,8.88,13.09
TAT-VEH-1678,Electric,Manual,Hatchback,First,0.0,158.7,1230.1,23.84,176754.0,4.93,17.42
TAT-VEH-1679,,Manual,Luxury,First,3209.4,241.1,2369.8,23.38,30097.0,8.7,39.13
TAT-VEH-1680,CNG,Automatic,SUV,First,2217.0,174.6,1983.1,23.58,78545.0,7.21,27.06
TAT-VEH-1681,,Automatic,SUV,Second,1830.9,150.4,1873.6,18.59,33898.0,,26.39
TAT-VEH-1682,Petrol,Automatic,Hatchback,First,1187.8,97.4,1423.3,14.36,32819.0,8.98,17.54
TAT-VEH-1683,Diesel,Automatic,Sedan,First,1286.3,99.7,1532.0,17.87,121940.0,,13.66
TAT-VEH-1684,Electric,Manual,SUV,First,0.0,115.0,1006.0,24.83,101313.0,6.5,11.51
TAT-VEH-1685,Diesel,Manual,SUV,First,1373.5,103.0,1486.6,23.47,71338.0,7.25,15.45
TAT-VEH-1686,Diesel,Manual,Sedan,Second,1538.1,109.0,1562.5,20.81,17810.0,8.96,19.36
TAT-VEH-1687,Petrol,Manual,Hatchback,First,1288.3,92.5,1321.3,13.54,37436.0,9.07,15.84
TAT-VEH-1688,Diesel,Automatic,Sedan,First,1550.4,111.8,1513.7,17.57,13406.0,9.35,18.75
TAT-VEH-1689,Petrol,Automatic,Hatchback,Second,904.6,,1152.0,15.74,28408.0,8.94,10.62
TAT-VEH-1690,Petrol,Manual,Sedan,First,1427.8,83.6,1499.8,16.46,31793.0,9.68,14.56
TAT-VEH-1691,Petrol,Manual,Luxury,First,2105.7,,1905.4,12.54,82174.0,7.03,24.04
TAT-VEH-1692,Diesel,Automatic,Sedan,First,1771.9,135.2,1724.4,21.02,103864.0,7.95,19.08
TAT-VEH-1693,Petrol,Manual,SUV,Third,1726.5,113.3,1678.7,15.76,26097.0,8.65,19.67
TAT-VEH-1694,Petrol,Manual,Hatchback,First,1385.3,104.1,1486.9,10.35,2804.0,,17.85
TAT-VEH-1695,,Automatic,SUV,First,2234.5,190.4,2068.2,16.4,91049.0,7.03,29.32
TAT-VEH-1696,Petrol,Automatic,Luxury,First,2632.8,209.7,2196.2,13.99,10617.0,,34.42
TAT-VEH-1697,Diesel,Manual,Hatchback,First,1027.1,96.8,1354.4,18.8,45765.0,8.76,17.92
TAT-VEH-1698,Petrol,Manual,Hatchback,First,1249.6,98.4,1420.1,21.17,3138.0,9.97,19.39
TAT-VEH-1699,Diesel,Automatic,Sedan,First,1329.1,113.7,1533.7,19.67,24950.0,8.64,20.21
TAT-VEH-1700,Diesel,Manual,Hatchback,First,1212.4,82.2,1358.8,16.65,193964.0,3.58,7.7
TAT-VEH-1701,Petrol,Manual,SUV,Third,1877.3,133.1,1788.6,16.16,6776.0,10.0,25.21
TAT-VEH-1702,Petrol,Automatic,Luxury,Second,2280.5,138.2,1837.1,14.44,26800.0,8.74,25.73
TAT-VEH-1703,Petrol,Manual,Sedan,First,1051.9,93.1,1296.0,16.47,18512.0,,17.13
TAT-VEH-1704,Petrol,Automatic,Hatchback,Second,1231.0,110.8,1492.2,17.24,107966.0,5.75,18.84
TAT-VEH-1705,Electric,Manual,Sedan,First,0.0,126.2,1061.1,25.02,93582.0,6.96,17.4
TAT-VEH-1706,Petrol,Automatic,SUV,First,1857.6,136.3,1718.2,15.43,14214.0,9.32,25.75
TAT-VEH-1707,CNG,Manual,Hatchback,First,1114.0,74.5,1370.7,27.78,5810.0,9.92,15.76
TAT-VEH-1708,Petrol,Manual,Sedan,Second,1637.2,127.4,1611.2,18.22,46395.0,,22.5
TAT-VEH-1709,Diesel,Manual,Sedan,Second,1732.7,,1705.2,17.02,20451.0,9.32,23.73
TAT-VEH-1710,Diesel,Manual,Sedan,First,1443.5,87.3,1543.4,25.19,52175.0,7.62,15.42
TAT-VEH-1711,,Automatic,Hatchback,Third,1145.9,90.9,1455.3,19.92,3469.0,9.9,18.57
TAT-VEH-1712,Diesel,Automatic,SUV,First,2123.0,155.9,1961.4,16.66,8443.0,8.94,28.69
TAT-VEH-1713,Petrol,Manual,Hatchback,Second,993.5,75.9,1273.4,20.46,54180.0,7.74,14.07
TAT-VEH-1714,Petrol,Manual,Hatchback,Third,1230.5,97.8,1486.7,21.73,12743.0,,20.31
TAT-VEH-1715,Electric,Automatic,SUV,First,0.0,135.3,1040.8,21.92,89706.0,6.61,15.71
TAT-VEH-1716,CNG,Automatic,SUV,Second,2136.0,159.0,1849.8,23.49,4717.0,9.38,26.68
TAT-VEH-1717,Electric,Manual,Hatchback,First,0.0,134.7,969.2,21.57,12921.0,8.71,20.84
TAT-VEH-1718,Petrol,Manual,Hatchback,First,1299.0,109.1,1561.0,17.64,296448.0,1.0,7.95
TAT-VEH-1719,Diesel,Manual,Hatchback,First,906.5,73.0,1206.6,22.58,27539.0,9.62,18.76
TAT-VEH-1720,Electric,Automatic,Hatchback,First,0.0,145.5,1107.4,23.43,56626.0,7.4,21.51
TAT-VEH-1721,Petrol,Manual,Hatchback,Third,1082.8,66.0,1248.5,15.81,11077.0,9.38,13.6
TAT-VEH-1722,Petrol,Automatic,Hatchback,Second,1065.3,,1346.1,19.99,44357.0,8.98,13.23
TAT-VEH-1723,Diesel,Manual,Sedan,First,1518.0,124.6,1574.0,18.12,60276.0,7.71,19.69
TAT-VEH-1724,Diesel,Automatic,SUV,Second,2118.2,159.3,1824.4,21.89,18991.0,8.76,27.52
TAT-VEH-1725,CNG,Manual,Sedan,Third,1797.3,,1757.9,23.92,81447.0,7.61,22.82
TAT-VEH-1726,Petrol,Manual,SUV,First,1874.3,161.8,1738.8,16.79,43619.0,9.22,25.68
TAT-VEH-1727,Diesel,Manual,Hatchback,Third,,96.6,1342.5,18.68,24179.0,8.41,16.93
TAT-VEH-1728,Petrol,Automatic,Luxury,First,3452.9,260.1,2503.4,15.33,38704.0,,44.2
TAT-VEH-1729,Petrol,Manual,SUV,Second,2072.1,149.3,1777.3,14.37,40692.0,7.6,27.25
TAT-VEH-1730,Petrol,Manual,SUV,First,,143.0,1926.6,19.53,10143.0,9.27,26.77
TAT-VEH-1731,CNG,Manual,SUV,First,2070.2,153.2,1759.3,23.03,25193.0,9.1,24.16
TAT-VEH-1732,Diesel,Manual,Luxury,First,2530.2,185.9,2026.3,16.93,20933.0,8.69,32.41
TAT-VEH-1733,Diesel,Automatic,Sedan,First,1231.4,97.0,1423.4,24.94,25055.0,8.81,20.09
TAT-VEH-1734,Petrol,Automatic,Hatchback,First,964.3,70.5,1236.6,18.43,66429.0,7.06,14.04
TAT-VEH-1735,CNG,Automatic,Sedan,First,1630.4,118.4,1716.2,19.73,31647.0,8.94,22.62
TAT-VEH-1736,Petrol,Manual,SUV,First,2295.1,150.8,2022.0,13.8,128841.0,6.75,25.19
TAT-VEH-1737,CNG,Automatic,SUV,Third,2460.3,173.2,2000.7,20.88,17646.0,8.64,30.16
TAT-VEH-1738,Petrol,Manual,Sedan,First,1666.6,130.7,1687.9,12.65,26181.0,8.68,24.02
TAT-VEH-1739,Petrol,Manual,Hatchback,First,1371.4,123.4,1576.0,6.08,71582.0,8.06,18.8
TAT-VEH-1740,Diesel,Manual,Sedan,First,1382.0,102.5,1460.1,,37537.0,9.45,18.54
TAT-VEH-1741,Petrol,Manual,Luxury,First,2530.4,193.7,2045.1,12.07,37637.0,7.83,33.96
TAT-VEH-1742,Diesel,Automatic,Sedan,Second,1668.0,136.5,1674.4,19.17,4467.0,9.57,23.69
TAT-VEH-1743,Diesel,Automatic,Sedan,Second,1581.5,108.9,1567.1,14.45,24882.0,9.26,18.62
TAT-VEH-1744,Petrol,Automatic,Hatchback,First,1213.1,95.4,1391.3,15.75,16207.0,9.28,17.9
TAT-VEH-1745,CNG,Manual,Sedan,First,1575.5,109.3,1596.8,23.67,300000.0,,8.76
TAT-VEH-1746,Petrol,Manual,SUV,Second,2078.8,166.3,1855.8,20.01,18591.0,9.57,29.47
TAT-VEH-1747,Diesel,Manual,SUV,First,2319.0,175.7,1943.3,22.95,99130.0,7.88,26.16
TAT-VEH-1748,CNG,Manual,SUV,Second,2321.7,,2012.3,26.07,52748.0,,31.85
TAT-VEH-1749,Diesel,Manual,Sedan,First,1606.8,111.1,1609.4,18.09,20761.0,,18.61
TAT-VEH-1750,Petrol,Manual,Sedan,Second,1667.2,133.5,1608.4,21.46,37291.0,8.43,24.45
TAT-VEH-1751,Electric,Manual,Hatchback,First,0.0,192.1,1276.7,,84617.0,,24.9
TAT-VEH-1752,Diesel,Manual,SUV,First,2126.5,147.4,1774.3,15.07,98693.0,7.53,19.92
TAT-VEH-1753,Petrol,Automatic,Sedan,Third,1405.8,101.4,1466.6,15.25,9867.0,,19.46
TAT-VEH-1754,Petrol,Automatic,Sedan,First,1649.3,126.5,1630.6,22.26,20669.0,,22.12
TAT-VEH-1755,Diesel,Automatic,Sedan,First,1219.1,100.9,1397.1,18.43,20374.0,8.82,16.61
TAT-VEH-1756,Diesel,Automatic,Luxury,First,3414.6,,2540.4,18.49,3933.0,9.57,39.95
TAT-VEH-1757,Diesel,Manual,Hatchback,First,1017.8,45.0,1312.3,14.96,43035.0,8.52,10.23
TAT-VEH-1758,CNG,Automatic,SUV,First,2069.5,171.5,1860.5,26.39,88840.0,7.59,327.7215120294669
TAT-VEH-1759,Diesel,Automatic,Hatchback,First,1070.2,89.4,1470.1,21.67,23626.0,10.0,18.01
TAT-VEH-1760,Petrol,Manual,Sedan,First,1608.7,99.7,1584.2,17.87,62625.0,8.68,17.47
TAT-VEH-1761,Petrol,Manual,Hatchback,First,1191.9,82.1,1377.0,13.61,46463.0,7.62,15.6
TAT-VEH-1762,Petrol,Automatic,Hatchback,Second,957.8,90.7,1335.8,13.38,23197.0,9.27,16.59
TAT-VEH-1763,Diesel,Manual,Sedan,First,1582.1,136.0,1770.2,15.38,8843.0,9.99,22.67
TAT-VEH-1764,Petrol,Manual,Hatchback,First,1110.3,94.5,1325.2,15.75,57600.0,,13.53
TAT-VEH-1765,Diesel,Manual,Sedan,Second,,123.5,1588.7,15.97,88761.0,,18.91
TAT-VEH-1766,Diesel,Manual,Luxury,First,2993.5,225.5,2323.7,15.7,54105.0,,36.27
TAT-VEH-1767,,Manual,Hatchback,First,1256.3,92.7,1423.1,23.65,2812.0,8.95,19.4
TAT-VEH-1768,Petrol,Manual,SUV,First,1758.6,145.4,1642.7,14.03,12964.0,8.78,26.28
TAT-VEH-1769,CNG,Manual,Sedan,First,1380.1,93.0,1466.7,23.42,5241.0,,19.19
TAT-VEH-1770,Petrol,Manual,SUV,First,1883.3,131.6,1822.8,16.9,40019.0,9.93,22.88
TAT-VEH-1771,CNG,Automatic,Hatchback,First,1325.5,111.5,1500.2,24.66,65565.0,7.42,16.19
TAT-VEH-1772,Petrol,Manual,Hatchback,First,1448.6,108.1,1512.6,14.64,7273.0,9.43,20.86
TAT-VEH-1773,Petrol,Manual,Hatchback,First,1076.2,97.3,1339.0,16.05,84001.0,8.05,15.8
TAT-VEH-1774,Diesel,Manual,Hatchback,First,1358.5,93.8,1504.9,16.22,38487.0,8.69,13.66
TAT-VEH-1775,Petrol,Automatic,Hatchback,First,871.5,64.7,1175.5,15.82,54699.0,,10.2
TAT-VEH-1776,Petrol,Manual,SUV,First,1699.5,,1728.1,15.95,161949.0,5.51,15.09
TAT-VEH-1777,Diesel,Manual,SUV,Second,1758.3,132.0,1792.1,14.79,5933.0,9.79,24.74
TAT-VEH-1778,Diesel,Automatic,SUV,First,,,1610.6,21.79,106171.0,7.38,15.41
TAT-VEH-1779,Diesel,Automatic,SUV,First,1602.1,114.3,1595.9,16.53,8066.0,10.0,21.32
TAT-VEH-1780,Diesel,Manual,Hatchback,First,1258.9,77.2,1435.1,19.25,24462.0,9.29,15.15
TAT-VEH-1781,Diesel,Automatic,Hatchback,First,1164.9,95.7,1451.7,22.26,87804.0,7.47,14.99
TAT-VEH-1782,Petrol,Manual,Hatchback,First,1253.9,102.6,1405.1,18.28,108523.0,6.83,13.92
TAT-VEH-1783,Petrol,Manual,Hatchback,First,,,1370.9,15.6,33769.0,9.13,13.76
TAT-VEH-1784,Petrol,Manual,Sedan,Second,1551.1,132.3,1557.5,14.41,42575.0,8.62,20.34
TAT-VEH-1785,CNG,Manual,Sedan,First,1629.6,152.2,1721.3,26.4,57418.0,8.16,25.14
TAT-VEH-1786,Diesel,Automatic,Sedan,Third,1484.1,111.9,1582.5,20.89,82474.0,8.16,18.9
TAT-VEH-1787,Petrol,Manual,Sedan,First,1260.6,86.9,1341.0,13.64,7830.0,10.0,15.66
TAT-VEH-1788,Diesel,Manual,SUV,First,2262.5,,2028.1,16.77,76749.0,6.7,33.78
TAT-VEH-1789,Electric,Automatic,SUV,First,0.0,107.0,950.1,16.82,31537.0,8.9,15.86
TAT-VEH-1790,Petrol,Automatic,Hatchback,First,,83.4,1301.6,15.96,28954.0,8.56,17.65
TAT-VEH-1791,Diesel,Manual,Luxury,First,2618.8,198.6,2190.6,18.77,26816.0,8.85,32.75
TAT-VEH-1792,Diesel,Automatic,Luxury,First,2921.8,235.3,2324.2,22.18,34028.0,9.07,35.46
TAT-VEH-1793,Diesel,Manual,Hatchback,First,1060.1,83.8,1315.5,20.01,132560.0,6.41,11.93
TAT-VEH-1794,Petrol,Automatic,Sedan,Third,1414.5,100.1,1414.0,19.5,37754.0,8.65,17.94
TAT-VEH-1795,CNG,Automatic,Sedan,Second,1566.8,106.1,1573.0,23.11,139763.0,4.66,15.06
TAT-VEH-1796,Electric,Automatic,Luxury,First,0.0,131.5,1076.5,24.85,10946.0,8.91,19.76
TAT-VEH-1797,Diesel,Manual,SUV,First,2085.1,144.3,1804.1,17.52,59953.0,8.62,23.89
TAT-VEH-1798,Diesel,Manual,Hatchback,First,1062.3,80.2,1312.9,21.18,77266.0,5.95,12.33
TAT-VEH-1799,Electric,Manual,Sedan,First,0.0,125.9,1073.8,,53152.0,,17.9
TAT-VEH-1800,Diesel,Manual,Sedan,First,,87.1,1417.2,19.66,44019.0,8.86,17.04
TAT-VEH-1801,Petrol,Manual,Sedan,First,1712.9,,1634.5,9.55,39439.0,9.46,24.09
TAT-VEH-1802,Diesel,Automatic,Hatchback,First,1271.5,89.4,1508.8,18.25,90775.0,7.09,15.56
TAT-VEH-1803,Diesel,Manual,SUV,First,2516.8,173.5,2033.0,20.23,79579.0,6.29,27.45
TAT-VEH-1804,Petrol,Manual,SUV,Third,,170.0,1972.7,13.94,7870.0,9.83,29.44
TAT-VEH-1805,Diesel,Automatic,SUV,Second,2284.1,172.1,2030.2,16.06,86949.0,8.08,25.59
TAT-VEH-1806,Electric,Manual,SUV,Third,0.0,96.3,1167.2,24.12,26055.0,9.61,15.79
TAT-VEH-1807,Electric,Automatic,SUV,First,0.0,148.3,1058.5,21.74,15168.0,8.97,17.5
TAT-VEH-1808,Diesel,Manual,Sedan,First,1220.4,79.0,1397.1,17.63,93730.0,7.17,11.83
TAT-VEH-1809,Petrol,Manual,Sedan,First,1650.8,144.3,1653.2,15.63,27455.0,8.7,24.36
TAT-VEH-1810,Electric,Manual,Hatchback,First,0.0,,1105.8,28.59,76347.0,,21.69
TAT-VEH-1811,CNG,Manual,SUV,First,1984.7,144.1,1768.9,26.81,15757.0,9.92,25.1
TAT-VEH-1812,Petrol,Automatic,Hatchback,Second,1114.4,74.6,1270.3,18.99,2177.0,9.02,15.74
TAT-VEH-1813,Electric,Manual,SUV,First,0.0,137.4,1091.4,23.09,32785.0,8.33,17.36
TAT-VEH-1814,CNG,Manual,Hatchback,First,1222.2,99.0,1351.5,24.83,6753.0,8.94,18.28
TAT-VEH-1815,Diesel,Manual,Hatchback,First,1338.8,100.1,1516.2,12.29,65178.0,7.04,14.47
TAT-VEH-1816,Diesel,Manual,Hatchback,First,1272.1,92.8,1430.0,17.1,16538.0,9.42,15.81
TAT-VEH-1817,Petrol,Automatic,Hatchback,First,1065.2,80.6,1345.4,14.06,28386.0,,14.98
TAT-VEH-1818,Petrol,Manual,SUV,First,2183.6,156.5,1882.2,9.88,6098.0,,29.86
TAT-VEH-1819,Petrol,Automatic,SUV,First,1838.6,133.8,1709.6,12.03,17201.0,8.41,24.47
TAT-VEH-1820,CNG,Automatic,Sedan,First,1541.3,90.6,1530.3,20.54,70442.0,8.29,15.73
TAT-VEH-1821,Petrol,Manual,Hatchback,Third,,98.0,1339.8,15.39,9397.0,10.0,18.05
TAT-VEH-1822,Petrol,Automatic,Hatchback,First,1164.2,90.9,1366.8,17.96,48878.0,8.02,14.72
TAT-VEH-1823,Petrol,Manual,Hatchback,Second,1311.9,89.1,1388.9,18.82,114233.0,6.25,12.25
TAT-VEH-1824,Diesel,Manual,Hatchback,First,,100.9,1322.1,20.16,53252.0,8.59,17.23
TAT-VEH-1825,,Manual,SUV,First,2484.3,187.4,1982.5,22.57,76976.0,8.57,27.24
TAT-VEH-1826,Petrol,Automatic,Hatchback,First,923.8,56.9,1282.5,9.7,7192.0,9.28,13.84
TAT-VEH-1827,Petrol,Automatic,Sedan,First,1378.5,113.7,1482.4,10.23,14990.0,8.57,19.87
TAT-VEH-1828,Diesel,Manual,Hatchback,First,1252.5,98.7,1493.3,15.45,103224.0,7.23,16.42
TAT-VEH-1829,Diesel,Automatic,Hatchback,Second,1284.6,101.1,1505.8,16.51,58504.0,8.61,18.76
TAT-VEH-1830,Petrol,Manual,Sedan,Second,1477.9,105.7,1467.2,15.02,47919.0,8.43,15.59
TAT-VEH-1831,Diesel,Manual,Sedan,First,1486.5,116.9,1508.1,,51048.0,8.01,18.65
TAT-VEH-1832,Petrol,Manual,Hatchback,First,1258.6,91.3,1546.8,16.52,26065.0,9.65,16.36
TAT-VEH-1833,Petrol,Automatic,Hatchback,Third,,93.8,1478.9,14.8,4051.0,,15.77
TAT-VEH-1834,Diesel,Automatic,Sedan,First,1776.6,110.4,1646.2,19.03,71054.0,7.31,17.09
TAT-VEH-1835,Petrol,Manual,Hatchback,First,1322.9,94.0,1460.9,18.92,53094.0,,20.12
TAT-VEH-1836,CNG,Manual,Hatchback,First,1327.9,120.3,1484.0,,30808.0,8.11,21.54
TAT-VEH-1837,Petrol,Manual,Luxury,Second,2606.5,186.3,2149.6,16.76,105508.0,7.2,31.76
TAT-VEH-1838,Diesel,Manual,Sedan,Third,1482.1,103.9,1492.6,18.96,20437.0,9.06,20.36
TAT-VEH-1839,,Manual,Sedan,First,1437.9,102.5,1407.9,18.07,17687.0,,17.52
TAT-VEH-1840,Petrol,Automatic,Sedan,Second,1296.9,82.7,1344.6,18.16,94788.0,,12.28
TAT-VEH-1841,Diesel,Manual,Sedan,Second,1570.0,91.3,1528.8,21.46,73752.0,7.72,16.53
TAT-VEH-1842,Petrol,Manual,Sedan,First,1390.5,101.5,1433.9,12.66,34560.0,9.35,18.62
TAT-VEH-1843,Electric,Manual,SUV,First,0.0,143.4,1105.1,21.54,8305.0,9.92,21.54
TAT-VEH-1844,Petrol,Automatic,SUV,First,2161.9,161.5,1856.7,16.34,12897.0,9.34,25.88
TAT-VEH-1845,Petrol,Automatic,Hatchback,Third,1036.5,,1263.7,14.68,50050.0,8.83,18.37
TAT-VEH-1846,Petrol,Manual,Sedan,First,1841.8,138.7,1784.0,17.26,23879.0,9.36,24.4
TAT-VEH-1847,Electric,Automatic,Sedan,Second,0.0,165.6,1176.4,22.7,83485.0,7.16,21.93
TAT-VEH-1848,,Manual,SUV,First,1773.9,130.8,1697.4,24.13,136767.0,5.82,18.88
TAT-VEH-1849,Diesel,Manual,Sedan,Second,1541.9,108.8,1605.6,14.72,75711.0,7.55,17.69
TAT-VEH-1850,Petrol,Manual,Sedan,First,1656.4,120.9,1656.0,15.13,1533482.2160456546,9.44,22.04
TAT-VEH-1851,Diesel,Manual,Hatchback,First,1111.4,90.3,1437.1,16.46,71949.0,7.52,17.07
TAT-VEH-1852,Petrol,Manual,Sedan,Second,1668.5,142.1,1666.2,17.31,21485.0,8.95,24.34
TAT-VEH-1853,CNG,Automatic,Hatchback,Second,,68.4,1253.9,21.27,10228.0,10.0,12.32
TAT-VEH-1854,Petrol,Automatic,Hatchback,Second,1414.8,107.3,1448.4,16.54,3528.0,,19.73
TAT-VEH-1855,Petrol,Automatic,Hatchback,First,,,1383.2,13.61,23928.0,8.66,16.54
TAT-VEH-1856,Petrol,Manual,SUV,Second,,126.8,1762.4,13.3,107247.0,7.08,21.87
TAT-VEH-1857,Diesel,Manual,Hatchback,First,1152.1,86.7,1435.0,14.95,14290.0,9.46,18.76
TAT-VEH-1858,Diesel,Automatic,Sedan,First,1659.8,106.9,1646.2,17.7,12409.0,9.68,20.72
TAT-VEH-1859,Petrol,Manual,SUV,First,1851.9,117.7,1602.7,,159527.0,5.32,13.84
TAT-VEH-1860,Diesel,Manual,Hatchback,First,1084.6,85.7,1398.0,18.93,3139.0,10.0,15.31
TAT-VEH-1861,Diesel,Manual,Sedan,First,1453.7,104.4,1427.9,20.76,71334.0,7.97,16.84
TAT-VEH-1862,Diesel,Automatic,Sedan,Third,1262.6,97.1,1479.6,23.66,19446.0,9.21,18.78
TAT-VEH-1863,Petrol,Manual,Hatchback,First,1470.1,110.0,1521.1,16.29,3719.0,10.0,20.09
TAT-VEH-1864,Petrol,Manual,SUV,Second,1856.4,127.5,1753.6,13.82,114438.0,6.67,18.77
TAT-VEH-1865,Diesel,Automatic,Hatchback,First,1321.7,98.6,1392.5,20.31,8768.0,9.62,17.55
TAT-VEH-1866,Petrol,Manual,Sedan,First,1539.9,100.7,1599.3,13.87,38111.0,8.9,18.52
TAT-VEH-1867,Petrol,Manual,Sedan,First,,114.3,1417.9,13.99,16413.0,9.27,16.57
TAT-VEH-1868,CNG,Manual,Sedan,Third,1496.8,96.0,1480.5,21.46,5034.0,9.66,17.07
TAT-VEH-1869,Electric,Manual,SUV,Second,0.0,135.1,1037.8,24.32,4305.0,9.32,20.29
TAT-VEH-1870,Petrol,Automatic,Hatchback,Third,1314.6,86.1,1337.6,14.34,7526.0,,18.53
TAT-VEH-1871,Petrol,Manual,Hatchback,Third,1168.8,94.5,1400.1,16.05,5332.0,9.05,16.91
TAT-VEH-1872,Diesel,Manual,SUV,First,2296.3,168.2,2064.5,16.1,66325.0,7.07,28.12
TAT-VEH-1873,Petrol,Automatic,Sedan,First,1702.3,121.4,1782.7,16.81,31911.0,8.36,22.54
TAT-VEH-1874,Petrol,Automatic,SUV,Second,2227.7,177.3,1977.8,13.21,20896.0,9.1,32.28
TAT-VEH-1875,Petrol,Automatic,SUV,First,1883.1,141.6,1818.9,15.07,26386.0,9.11,26.92
TAT-VEH-1876,Diesel,Manual,SUV,First,1728.0,135.8,1705.9,21.46,120995.0,6.18,19.9
TAT-VEH-1877,Diesel,Manual,Sedan,First,1375.3,91.4,1484.8,,110735.0,5.22,13.25
TAT-VEH-1878,Petrol,Automatic,Hatchback,First,1226.4,75.1,1349.9,15.43,58594.0,9.07,12.42
TAT-VEH-1879,Petrol,Automatic,SUV,First,2134.4,161.4,1910.3,10.2,99203.0,7.62,24.59
TAT-VEH-1880,Petrol,Manual,Sedan,First,1063.7,76.0,1339.2,24.48,19332.0,9.52,14.39
TAT-VEH-1881,Diesel,Manual,Hatchback,First,1195.8,,1382.6,23.89,23592.0,10.0,18.46
TAT-VEH-1882,Petrol,Manual,SUV,First,2037.5,151.9,1839.0,17.67,44803.0,7.93,26.26
TAT-VEH-1883,Petrol,Automatic,SUV,First,1928.6,147.1,1789.8,13.24,45973.0,9.62,25.65
TAT-VEH-1884,Diesel,Manual,Sedan,First,1756.3,112.2,1686.5,,31574.0,8.32,22.52
TAT-VEH-1885,Petrol,Manual,Hatchback,Second,1260.3,117.2,1430.8,13.87,25037.0,9.23,23.01
TAT-VEH-1886,Diesel,Manual,Sedan,First,1760.0,130.0,1688.4,22.54,194675.0,3.47,16.44
TAT-VEH-1887,Petrol,Automatic,SUV,First,1944.0,,1911.5,16.29,79448.0,7.54,26.53
TAT-VEH-1888,Petrol,Automatic,Luxury,Second,3368.0,,2593.5,13.15,27690.0,9.24,40.44
TAT-VEH-1889,Petrol,Manual,Hatchback,First,1442.3,111.9,1602.0,14.09,60471.0,,20.8
TAT-VEH-1890,Diesel,Automatic,Hatchback,First,1393.8,88.9,1461.3,22.14,16135.0,9.77,18.92
TAT-VEH-1891,CNG,Automatic,SUV,Second,1725.0,134.8,1706.8,27.7,6750.0,9.67,25.95
TAT-VEH-1892,CNG,Manual,Sedan,First,1447.3,104.3,1567.4,27.56,21554.0,8.87,19.63
TAT-VEH-1893,Petrol,Manual,Sedan,Second,1429.0,107.5,1596.9,17.77,25211.0,,18.87
TAT-VEH-1894,Diesel,Manual,Luxury,Second,3188.7,247.5,2387.2,18.29,2750.0,10.0,39.43
TAT-VEH-1895,Petrol,Automatic,Hatchback,First,1300.0,,1346.0,6.0,77882.0,7.18,13.48
TAT-VEH-1896,Petrol,Manual,Sedan,First,1330.2,91.6,1510.0,16.39,22026.0,9.72,19.96
TAT-VEH-1897,CNG,Automatic,Hatchback,First,1207.2,96.0,1398.7,24.5,41082.0,9.36,16.41
TAT-VEH-1898,Petrol,Automatic,Sedan,First,,107.2,1367.3,15.92,1099970.2585874707,8.64,20.66
TAT-VEH-1899,Petrol,Manual,SUV,First,2358.5,175.2,1950.8,15.66,10657.0,10.0,31.62
TAT-VEH-1900,Petrol,Automatic,Sedan,First,1395.5,111.8,1490.2,11.52,101202.0,8.14,16.39
TAT-VEH-1901,Petrol,Manual,Luxury,First,3015.3,224.9,2297.5,17.17,44221.0,,38.68
TAT-VEH-1902,Petrol,Manual,Sedan,First,1436.1,131.0,1684.7,17.4,137064.0,6.24,14.3
TAT-VEH-1903,Diesel,Automatic,Hatchback,First,1368.9,81.7,1432.2,20.91,300000.0,1.85,3.5
TAT-VEH-1904,Petrol,Automatic,Hatchback,First,771.4,59.0,1164.6,18.34,22925.0,8.98,10.61
TAT-VEH-1905,CNG,Manual,Sedan,First,1494.7,92.6,1534.0,25.71,17973.0,9.4,16.83
TAT-VEH-1906,CNG,Automatic,Sedan,Second,1476.8,80.7,1516.7,23.68,89950.0,6.44,14.17
TAT-VEH-1907,Petrol,Automatic,Hatchback,First,1129.0,88.2,1412.9,15.29,298077.0,1.37,6.16
TAT-VEH-1908,Petrol,Manual,Sedan,First,1843.2,139.9,1798.6,15.77,46698.0,8.76,24.5
TAT-VEH-1909,Petrol,Automatic,Sedan,Third,1320.5,95.6,1419.6,,73344.0,8.01,16.53
TAT-VEH-1910,Diesel,Manual,SUV,First,2190.9,,1909.4,21.8,70494.0,8.43,24.86
TAT-VEH-1911,Petrol,Manual,SUV,First,2087.1,193.7,2003.2,17.43,21756.0,8.71,30.56
TAT-VEH-1912,Diesel,Manual,SUV,First,2313.4,170.4,1959.3,24.82,40428.0,8.33,29.22
TAT-VEH-1913,Petrol,Automatic,Hatchback,First,1096.9,88.4,1354.7,22.12,82555.0,8.58,13.13
TAT-VEH-1914,Diesel,Automatic,Hatchback,First,1087.1,73.7,1334.7,19.22,54430.0,8.15,10.98
TAT-VEH-1915,Petrol,Manual,SUV,First,2272.0,173.9,2019.2,6.0,2963.0,9.84,32.3
TAT-VEH-1916,Petrol,Manual,Sedan,First,1583.1,115.9,1505.0,19.21,20474.0,9.17,22.71
TAT-VEH-1917,Electric,Automatic,Hatchback,Second,0.0,129.7,1110.0,20.65,9022.0,9.05,23.09
TAT-VEH-1918,Diesel,Manual,SUV,First,1611.8,142.7,1659.2,16.76,13935.0,10.0,25.14
TAT-VEH-1919,Petrol,Automatic,SUV,First,1863.2,153.9,1822.2,14.3,108157.0,6.39,24.19
TAT-VEH-1920,CNG,Automatic,Sedan,Second,1575.3,119.8,1639.7,23.61,3692.0,9.02,24.48
TAT-VEH-1921,Diesel,Manual,Hatchback,First,1322.7,71.6,1472.3,20.71,13169.0,9.15,14.46
TAT-VEH-1922,CNG,Automatic,SUV,Second,1828.2,132.8,1789.5,21.38,18670.0,8.07,25.8
TAT-VEH-1923,Diesel,Manual,Sedan,First,915.1,101.1,1390.4,15.98,45174.0,8.12,17.69
TAT-VEH-1924,Petrol,Automatic,SUV,Second,2128.8,156.9,1959.5,16.53,36370.0,8.18,28.54
TAT-VEH-1925,Petrol,Automatic,SUV,First,1692.9,140.2,1707.6,17.37,13081.0,9.8,25.12
TAT-VEH-1926,Petrol,Automatic,SUV,Second,1493.7,129.3,1597.7,17.42,10074.0,9.11,25.05
TAT-VEH-1927,Diesel,Manual,Sedan,Third,931.5,72.5,1300.9,16.8,14160.0,9.93,14.97
TAT-VEH-1928,Diesel,Automatic,Hatchback,First,1319.1,88.8,1470.3,96.01281670753353,33420.0,9.68,14.44
TAT-VEH-1929,Petrol,Manual,SUV,First,2030.2,123.0,1752.6,13.98,16235.0,9.8,25.05
TAT-VEH-1930,Petrol,Manual,Sedan,First,1452.9,117.2,1571.8,16.22,134700.0,5.82,15.11
TAT-VEH-1931,CNG,Manual,SUV,First,2345.3,166.1,1984.4,27.47,30052.0,9.03,30.53
TAT-VEH-1932,Electric,Manual,Hatchback,First,0.0,144.4,1068.3,,4727.0,8.75,22.35
TAT-VEH-1933,Diesel,Manual,Hatchback,First,1292.6,81.9,1471.7,18.38,60798.0,7.98,16.52
TAT-VEH-1934,Petrol,Automatic,SUV,First,2402.1,,2036.0,11.5,19944.0,8.71,32.32
TAT-VEH-1935,Petrol,Automatic,SUV,First,1649.8,124.1,1740.1,10.54,49693.0,8.8,22.25
TAT-VEH-1936,Petrol,Manual,Luxury,First,2979.2,226.7,2278.2,18.4,16757.0,10.0,38.69
TAT-VEH-1937,CNG,Automatic,SUV,First,1593.8,106.2,1545.5,25.59,40057.0,,19.5
TAT-VEH-1938,Petrol,Manual,Sedan,First,1452.1,123.3,1568.1,16.85,68559.0,6.65,16.87
TAT-VEH-1939,Diesel,Automatic,SUV,First,1935.8,138.0,1829.4,21.58,120404.0,6.14,21.07
TAT-VEH-1940,Petrol,Automatic,SUV,First,2154.7,141.5,1877.9,14.06,15618.0,9.43,24.07
TAT-VEH-1941,Diesel,Manual,Sedan,First,1507.1,111.7,1572.3,17.79,20349.0,9.27,20.71
TAT-VEH-1942,Diesel,Automatic,Sedan,First,1622.7,122.1,1566.8,25.12,30085.0,8.5,19.57
TAT-VEH-1943,CNG,Manual,Hatchback,First,1302.5,,1397.0,24.01,119886.0,6.52,12.36
TAT-VEH-1944,Petrol,Manual,Sedan,First,1929.0,161.0,1843.8,17.71,106245.0,6.02,26.7
TAT-VEH-1945,Petrol,Automatic,SUV,Second,1919.2,141.1,1706.3,15.52,6238.0,9.05,26.82
TAT-VEH-1946,Petrol,Manual,Hatchback,First,1055.8,77.7,1287.2,9.96,8367.0,9.95,15.42
TAT-VEH-1947,CNG,Manual,Hatchback,First,1233.9,79.3,1405.2,20.41,32789.0,8.25,15.51
TAT-VEH-1948,CNG,Manual,Hatchback,Second,1076.7,90.6,1304.2,23.34,7073.0,9.92,16.74
TAT-VEH-1949,Diesel,Automatic,Hatchback,Second,,108.7,1598.8,21.96,21080.0,8.38,21.05
TAT-VEH-1950,Diesel,Manual,Hatchback,Third,1154.5,81.5,1419.0,21.21,9228.0,10.0,15.49
TAT-VEH-1951,Diesel,Manual,Sedan,First,1384.9,81.0,1358.6,21.56,47482.0,7.98,16.1
TAT-VEH-1952,Petrol,Automatic,Luxury,First,2804.5,227.7,2254.2,12.54,136356.0,5.77,32.76
TAT-VEH-1953,CNG,Automatic,Sedan,Second,1641.7,108.4,1481.3,27.73,259585.0,,9.4
TAT-VEH-1954,Petrol,Manual,Hatchback,First,1173.3,80.9,1323.8,,23168.0,8.8,15.43
TAT-VEH-1955,Petrol,Manual,Hatchback,First,1100.7,86.9,1390.8,16.14,43122.0,8.65,14.77
TAT-VEH-1956,Diesel,Manual,SUV,Second,2414.3,166.7,1991.1,18.97,89291.0,7.59,26.88
TAT-VEH-1957,Petrol,Manual,Sedan,Second,1326.8,81.6,1441.4,14.98,7623.0,10.0,15.89
TAT-VEH-1958,Petrol,Manual,SUV,Third,2006.9,125.0,1688.8,19.52,54640.0,8.71,21.96
TAT-VEH-1959,Diesel,Automatic,SUV,Third,2161.1,170.7,1973.0,17.03,25655.0,8.96,31.15
TAT-VEH-1960,Petrol,Automatic,SUV,Second,1590.2,112.7,1560.6,11.45,12389.0,9.36,19.75
TAT-VEH-1961,Diesel,Automatic,Hatchback,First,,130.3,1520.5,19.06,25194.0,10.0,22.03
TAT-VEH-1962,Petrol,Manual,SUV,Second,1734.2,118.1,1647.6,-7.701044347384485,5555.0,,22.88
TAT-VEH-1963,Petrol,Automatic,Hatchback,First,1320.4,,1368.6,25.63,55495.0,7.66,14.53
TAT-VEH-1964,Petrol,Manual,Luxury,First,2607.9,188.8,2077.1,17.53,15111.0,9.43,33.13
TAT-VEH-1965,Petrol,Automatic,Sedan,Second,1636.6,125.7,1685.4,14.27,18790.0,9.06,23.59
TAT-VEH-1966,Diesel,Automatic,Hatchback,First,,96.6,1488.5,16.04,7808.0,9.5,20.35
TAT-VEH-1967,Petrol,Manual,Hatchback,First,1326.2,106.8,1533.7,9.86,91998.0,6.43,15.9
TAT-VEH-1968,Diesel,Automatic,Hatchback,First,,80.9,1400.6,16.13,32605.0,8.62,13.99
TAT-VEH-1969,Diesel,Manual,SUV,Second,1940.2,128.9,1758.5,19.32,40204.0,9.74,22.19
TAT-VEH-1970,Diesel,Automatic,Hatchback,First,1110.5,61.7,1206.6,23.0,39919.0,9.01,10.39
TAT-VEH-1971,Electric,Manual,Sedan,Second,0.0,84.4,947.5,24.8,25781.0,7.57,14.68
TAT-VEH-1972,Diesel,Manual,Hatchback,First,1417.7,,1495.1,19.64,11623.0,10.0,17.28
TAT-VEH-1973,Petrol,Automatic,SUV,Second,1823.1,133.1,1818.5,14.53,63516.0,8.64,26.02
TAT-VEH-1974,Petrol,Manual,SUV,Second,1738.7,122.8,1699.9,16.31,8115.0,9.35,24.85
TAT-VEH-1975,Petrol,Automatic,SUV,First,2164.3,177.2,2027.3,13.94,6935.0,10.0,31.14
TAT-VEH-1976,,Manual,SUV,First,1799.0,149.7,1783.8,23.81,57727.0,7.64,25.88
TAT-VEH-1977,Petrol,Automatic,Hatchback,First,1054.5,75.1,1271.3,14.93,12541.0,9.16,12.41
TAT-VEH-1978,Diesel,Automatic,Hatchback,Third,980.5,52.0,1229.0,18.76,18488.0,10.0,15.43
TAT-VEH-1979,,Manual,SUV,First,1877.3,1081.2648802397855,1753.9,12.8,31016.0,,22.72
TAT-VEH-1980,Petrol,Manual,Sedan,Third,1481.5,103.9,1481.3,14.91,28850.0,7.85,18.54
TAT-VEH-1981,Diesel,Manual,Sedan,First,1546.6,,1542.3,21.34,57484.0,8.12,15.6
TAT-VEH-1982,Petrol,Manual,Hatchback,Second,1339.7,92.1,1438.9,12.3,45950.0,8.44,17.14
TAT-VEH-1983,Petrol,Manual,Hatchback,Second,1276.0,87.9,1496.6,13.25,48527.0,9.13,14.43
TAT-VEH-1984,Diesel,Automatic,Hatchback,Second,,83.0,1262.4,21.22,58338.0,8.14,14.09
TAT-VEH-1985,Diesel,Automatic,SUV,Third,1948.5,138.5,1838.5,14.87,17578.0,9.04,24.29
TAT-VEH-1986,Diesel,Automatic,Hatchback,First,1273.5,98.0,1393.9,21.96,19509.0,9.87,16.33
TAT-VEH-1987,Petrol,Automatic,Sedan,First,1752.5,135.8,1634.3,13.9,27931.0,9.07,22.14
TAT-VEH-1988,Petrol,Automatic,Hatchback,Second,1215.9,80.3,1435.3,14.33,18533.0,8.82,16.41
TAT-VEH-1989,CNG,Automatic,SUV,Second,1880.7,156.3,1835.6,22.25,190801.0,5.04,18.38
TAT-VEH-1990,Diesel,Manual,Hatchback,First,1048.1,66.8,1346.6,20.06,77703.0,7.7,10.52
TAT-VEH-1991,Diesel,Automatic,SUV,First,1636.7,103.3,1621.1,25.89,10096.0,9.51,21.09
TAT-VEH-1992,Petrol,Automatic,SUV,First,2164.6,166.9,2027.9,17.84,2252.0,9.84,33.98
TAT-VEH-1993,Diesel,Manual,Hatchback,First,,86.5,1443.5,16.58,3968.0,9.04,18.16
TAT-VEH-1994,Petrol,Manual,Luxury,First,3223.9,,2484.5,18.91,14591.0,9.07,39.93
TAT-VEH-1995,Petrol,Manual,Luxury,First,2941.5,191.8,2276.2,14.55,7462.0,9.59,33.55
TAT-VEH-1996,CNG,Manual,SUV,Second,2349.7,192.9,2116.8,27.25,36297.0,8.65,32.33
TAT-VEH-1997,Petrol,Automatic,SUV,First,1877.0,148.8,1740.0,17.92,89835.0,8.0,22.44
TAT-VEH-1998,Electric,Manual,Hatchback,First,0.0,102.5,973.7,14.64,62059.0,8.16,16.04
TAT-VEH-1999,Petrol,Manual,Sedan,First,1689.1,108.9,1598.0,12.49,12928.0,9.94,20.87
TAT-VEH-2000,Petrol,Automatic,Hatchback,First,1191.2,109.4,1335.2,,24935.0,9.09,20.17
TAT-VEH-2001,Diesel,Manual,Hatchback,Second,1105.7,74.1,1329.1,19.42,33908.0,9.46,13.71
TAT-VEH-2002,CNG,Manual,Luxury,Third,3230.0,232.2,2366.7,22.45,76782.0,7.84,38.61
TAT-VEH-2003,Diesel,Manual,Hatchback,First,1258.4,67.2,1361.1,,84220.0,7.4,11.25
TAT-VEH-2004,CNG,Automatic,SUV,Second,,152.3,1904.5,20.69,110217.0,6.64,21.93
TAT-VEH-2005,Diesel,Automatic,SUV,Second,2018.3,148.6,1804.1,18.75,34031.0,,28.76
TAT-VEH-2006,Diesel,Manual,SUV,Second,1988.5,157.7,1924.1,25.19,55328.0,8.52,23.59
TAT-VEH-2007,,Automatic,Luxury,First,3948.3,279.3,2757.1,26.11,7335.0,9.57,45.9
TAT-VEH-2008,Petrol,Manual,Hatchback,Third,1374.6,84.9,1502.9,22.07,39488.0,8.37,15.18
TAT-VEH-2009,Diesel,Automatic,Hatchback,First,1305.4,103.3,1498.9,21.47,14867.0,10.0,23.06
TAT-VEH-2010,Petrol,Automatic,Sedan,First,1520.4,126.1,1511.6,18.58,27431.0,8.27,24.3
TAT-VEH-2011,Electric,Automatic,Hatchback,First,0.0,,1137.3,26.94,47237.0,8.2,18.12
TAT-VEH-2012,Electric,Manual,Hatchback,First,0.0,167.0,1164.3,,15367.0,9.98,24.75
TAT-VEH-2013,Petrol,Automatic,Sedan,First,1699.4,127.9,1620.7,14.94,4412.0,9.86,26.91
TAT-VEH-2014,Diesel,Automatic,SUV,First,2127.5,172.7,1856.0,21.89,2463.0,9.7,30.46
TAT-VEH-2015,Electric,Manual,Sedan,First,0.0,138.2,1084.5,25.63,3008.0,,23.35
TAT-VEH-2016,Petrol,Automatic,Hatchback,Second,1200.9,59.8,1313.4,14.06,2377.0,9.84,13.92
TAT-VEH-2017,Diesel,Manual,SUV,Second,1922.1,142.3,1783.6,16.98,7262.0,8.68,25.63
TAT-VEH-2018,CNG,Automatic,Hatchback,First,1184.9,101.6,1403.8,24.78,14319.0,9.18,18.26
TAT-VEH-2019,Petrol,Manual,Hatchback,Second,721.4,45.0,1146.7,17.99,13251.0,10.0,10.29
TAT-VEH-2020,,Automatic,SUV,Second,2050.7,149.1,1821.1,21.23,196728.0,3.78,20.04
TAT-VEH-2021,Petrol,Manual,Sedan,Second,1400.3,102.9,1400.6,11.23,18438.0,9.08,19.16
TAT-VEH-2022,Electric,Manual,SUV,First,0.0,67.5,911.3,26.78,8134.0,9.24,12.28
TAT-VEH-2023,Electric,Manual,Hatchback,Second,0.0,181.8,1086.1,20.4,37491.0,,28.01
TAT-VEH-2024,Electric,Manual,SUV,Third,0.0,117.5,1061.4,21.34,89823.0,6.88,11.36
TAT-VEH-2025,Diesel,Manual,Sedan,Second,1816.5,142.3,1692.6,16.47,53003.0,8.58,24.18
TAT-VEH-2026,CNG,Manual,Sedan,First,1501.9,111.6,1562.8,29.9,17799.0,9.41,21.57
TAT-VEH-2027,CNG,Manual,Sedan,First,1260.2,109.6,1530.8,24.98,39110.0,9.15,20.96
TAT-VEH-2028,Petrol,Manual,SUV,First,1985.5,153.8,1782.0,12.95,58464.0,7.5,24.93
TAT-VEH-2029,CNG,Manual,Sedan,First,1288.8,93.8,1488.6,26.23,60605.0,7.86,16.59
TAT-VEH-2030,Petrol,Automatic,Sedan,First,1592.7,108.7,1557.5,17.81,51420.0,8.2,20.25
TAT-VEH-2031,Diesel,Manual,Luxury,First,3109.4,242.8,2532.9,18.47,94091.0,7.39,40.27
TAT-VEH-2032,Petrol,Automatic,SUV,Second,2237.5,,1878.1,18.02,93846.0,6.64,22.62
TAT-VEH-2033,Petrol,Automatic,Sedan,Second,1339.8,108.2,1447.4,13.02,40924.0,9.18,18.98
TAT-VEH-2034,Petrol,Automatic,SUV,First,2006.5,137.3,1829.9,14.02,27284.0,9.73,27.05
TAT-VEH-2035,Diesel,Manual,Sedan,Third,1225.0,,1424.2,13.37,48171.0,7.83,14.84
TAT-VEH-2036,Petrol,Automatic,Hatchback,First,1302.2,99.6,1412.7,11.53,78721.0,7.26,14.83
TAT-VEH-2037,Diesel,Manual,Sedan,Second,1601.8,127.9,1606.5,24.06,2255.0,9.42,25.49
TAT-VEH-2038,Petrol,Manual,Luxury,Second,3191.3,240.3,2465.5,20.42,219257.0,5.11,34.03
TAT-VEH-2039,Petrol,Manual,Luxury,Second,2993.6,203.5,2373.6,15.7,11089.0,9.23,36.63
TAT-VEH-2040,Diesel,Automatic,Hatchback,Third,1259.2,84.1,1304.3,23.66,30591.0,9.93,14.72
TAT-VEH-2041,Diesel,Manual,Sedan,First,1818.9,144.5,1749.0,18.55,94518.0,6.34,20.98
TAT-VEH-2042,Petrol,Manual,Hatchback,Second,1154.2,88.6,1406.7,14.77,13472.0,,16.24
TAT-VEH-2043,Diesel,Automatic,Luxury,First,3048.5,242.8,2433.6,19.16,31150.0,8.5,42.38
TAT-VEH-2044,CNG,Automatic,Luxury,Second,2558.5,196.7,2202.7,24.25,8401.0,9.05,33.34
TAT-VEH-2045,Diesel,Manual,Sedan,Second,1324.3,87.7,1429.0,18.4,24619.0,8.94,16.84
TAT-VEH-2046,Petrol,Manual,SUV,Second,2022.5,142.1,1803.9,18.93,10773.0,9.07,24.51
TAT-VEH-2047,Petrol,Automatic,SUV,First,2274.0,171.8,2005.0,15.95,22339.0,8.67,31.01
TAT-VEH-2048,CNG,Manual,Sedan,Second,1446.7,80.7,1463.1,25.92,23040.0,9.84,15.27
TAT-VEH-2049,Petrol,Manual,Hatchback,First,1161.6,107.2,1405.0,18.59,226395.0,4.07,10.69
TAT-VEH-2050,CNG,Manual,Sedan,First,1416.6,111.5,1550.4,25.28,238772.0,3.55,9.06
TAT-VEH-2051,,Automatic,SUV,Second,1864.3,154.5,1756.1,16.28,7487.0,9.9,24.6
TAT-VEH-2052,Electric,Automatic,SUV,First,0.0,100.5,970.7,,60253.0,8.13,14.51
TAT-VEH-2053,Diesel,Automatic,Sedan,Second,1557.0,131.7,1597.8,19.42,4391.0,9.38,21.63
TAT-VEH-2054,Electric,Automatic,Luxury,First,0.0,195.8,1307.2,21.57,3380.0,9.13,33.05
TAT-VEH-2055,Petrol,Manual,Hatchback,First,972.4,57.1,1072.0,15.76,7009.0,9.82,8.84
TAT-VEH-2056,Diesel,Manual,Sedan,Second,1754.2,140.8,1735.7,18.96,153487.0,4.71,18.23
TAT-VEH-2057,Petrol,Manual,SUV,First,1831.6,137.4,1736.3,23.25,129256.0,5.51,20.02
TAT-VEH-2058,Diesel,Manual,SUV,First,2178.5,144.9,1790.7,,11701.0,10.0,25.33
TAT-VEH-2059,Diesel,Manual,Sedan,Second,1244.0,99.2,1448.9,13.43,9936.0,10.0,17.09
TAT-VEH-2060,CNG,Automatic,Hatchback,First,1297.3,107.3,1496.1,25.16,14381.0,9.63,18.34
TAT-VEH-2061,Electric,Automatic,Hatchback,First,0.0,125.0,1092.0,21.06,34613.0,9.47,17.59
TAT-VEH-2062,Diesel,Automatic,Sedan,First,1632.4,136.4,1529.7,19.88,39948.0,8.51,21.99
TAT-VEH-2063,Petrol,Manual,Sedan,Second,1574.8,98.1,1614.7,17.25,13273.0,8.62,22.24
TAT-VEH-2064,Petrol,Automatic,Hatchback,Second,1047.8,60.6,1231.3,19.35,65591.0,8.29,10.92
TAT-VEH-2065,Diesel,Automatic,SUV,Second,2060.4,156.2,1896.0,14.78,18669.0,9.61,29.25
TAT-VEH-2066,Petrol,Manual,Sedan,First,,94.9,1465.8,13.83,116873.0,6.5,14.8
TAT-VEH-2067,Petrol,Automatic,SUV,Second,1934.8,136.5,1724.6,16.79,50115.0,8.22,24.67
TAT-VEH-2068,Petrol,Manual,SUV,Second,2255.4,178.9,2019.7,17.81,27800.0,9.58,26.25
TAT-VEH-2069,Petrol,Manual,Hatchback,Second,1316.5,,1454.3,22.08,72210.0,7.15,16.54
TAT-VEH-2070,Petrol,Manual,Hatchback,First,1199.3,100.2,1316.7,,78648.0,7.09,17.42
TAT-VEH-2071,Petrol,Manual,SUV,Second,1754.3,,1747.6,15.33,17443.0,,22.79
TAT-VEH-2072,Petrol,Manual,Sedan,Second,1627.1,129.3,1604.0,12.83,20679.0,9.26,25.35
TAT-VEH-2073,Petrol,Automatic,SUV,First,2002.8,144.9,1770.5,13.81,125668.0,5.56,23.44
TAT-VEH-2074,Electric,Automatic,SUV,First,0.0,191.3,1208.1,20.52,10101.0,9.1,27.89
TAT-VEH-2075,Petrol,Automatic,SUV,Second,1417.9,96.6,1501.4,17.47,3938.0,9.26,18.19
TAT-VEH-2076,Petrol,Automatic,Luxury,First,3306.1,273.2,2587.3,16.27,29236.0,8.81,43.03
TAT-VEH-2077,Diesel,Manual,Sedan,Third,1493.2,112.4,1581.0,15.29,74698.0,,17.46
TAT-VEH-2078,Petrol,Automatic,Sedan,Second,1738.5,113.9,1576.3,14.19,68463.0,7.9,16.96
TAT-VEH-2079,Electric,Manual,Sedan,First,0.0,174.2,1148.4,24.19,115395.0,7.25,22.67
TAT-VEH-2080,,Manual,Hatchback,First,1032.7,79.0,1303.1,19.98,36284.0,8.84,12.36
TAT-VEH-2081,Petrol,Manual,Sedan,First,862.7,74.9,1334.1,17.21,6744.0,10.0,16.29
TAT-VEH-2082,Petrol,Manual,Hatchback,Third,1238.9,107.6,1446.9,16.65,41978.0,9.4,19.41
TAT-VEH-2083,CNG,Manual,Luxury,First,3109.6,237.3,2485.9,27.75,69809.0,8.27,35.62
TAT-VEH-2084,Electric,Manual,Sedan,Second,0.0,125.2,1064.9,,6409.0,9.66,22.42
TAT-VEH-2085,Diesel,Manual,Sedan,First,1159.9,98.7,1378.5,17.92,10529.0,9.51,19.09
TAT-VEH-2086,Diesel,Automatic,Sedan,First,1302.3,97.7,1437.7,16.44,2557.0,10.0,19.93
TAT-VEH-2087,Petrol,Manual,Hatchback,First,1610.3,129.0,1627.7,16.25,42525.0,8.35,20.78
TAT-VEH-2088,Electric,Manual,Hatchback,First,0.0,86.2,995.7,,100011.0,5.81,12.26
TAT-VEH-2089,Petrol,Manual,Sedan,Third,1436.9,113.1,1604.4,14.95,51980.0,8.61,21.2
TAT-VEH-2090,Electric,Automatic,Hatchback,First,0.0,124.0,1078.0,21.49,182883.0,,12.81
TAT-VEH-2091,Diesel,Manual,Sedan,First,,143.2,1742.8,15.18,4930.0,9.08,28.7
TAT-VEH-2092,Diesel,Manual,SUV,First,1835.3,145.1,1706.9,16.4,106987.0,6.74,21.73
TAT-VEH-2093,Diesel,Manual,SUV,First,1475.4,113.5,1529.4,21.27,77707.0,7.52,19.87
TAT-VEH-2094,Petrol,Manual,SUV,First,1955.4,,1779.4,16.19,18975.0,8.41,26.88
TAT-VEH-2095,Petrol,Manual,Hatchback,Second,1157.2,74.8,1357.7,15.81,165423.0,5.17,10.03
TAT-VEH-2096,Petrol,Manual,SUV,First,1898.0,161.8,1800.9,16.42,17282.0,9.89,25.22
TAT-VEH-2097,Petrol,Manual,SUV,First,1969.3,171.6,1904.7,15.78,101044.0,6.24,26.63
TAT-VEH-2098,Diesel,Manual,Hatchback,First,1236.6,97.5,1380.0,22.48,97693.0,7.77,13.59
TAT-VEH-2099,Petrol,Manual,SUV,Third,1960.5,166.1,1853.6,15.87,65783.0,,25.3
TAT-VEH-2100,Petrol,Automatic,Hatchback,First,1007.4,,1308.7,11.13,39300.0,9.95,15.83
TAT-VEH-2101,Electric,Manual,SUV,First,0.0,120.1,947.0,26.08,7753.0,9.33,18.52
TAT-VEH-2102,CNG,Manual,Luxury,Second,3187.5,239.6,2570.7,25.24,36165.0,8.85,38.65
TAT-VEH-2103,Electric,Manual,Hatchback,First,0.0,150.9,1113.1,20.53,21858.0,8.04,22.26
TAT-VEH-2104,Electric,Automatic,SUV,First,0.0,,974.2,18.87,72707.0,7.69,15.64
TAT-VEH-2105,Petrol,Manual,Sedan,First,1108.1,89.6,1369.7,16.69,65871.0,8.06,17.12
TAT-VEH-2106,Petrol,Manual,Luxury,Second,2172.9,166.6,1928.7,15.15,110665.0,6.59,24.17
TAT-VEH-2107,Diesel,Automatic,Sedan,First,1645.8,111.5,1600.7,23.41,2672.0,9.39,22.07
TAT-VEH-2108,Diesel,Manual,SUV,Second,2124.8,165.6,1957.2,18.03,76521.0,7.05,28.63
TAT-VEH-2109,Petrol,Manual,Hatchback,First,,99.5,1452.1,12.99,127465.0,6.84,13.35
TAT-VEH-2110,CNG,Manual,Hatchback,First,987.7,,1300.8,26.29,72079.0,7.76,13.55
TAT-VEH-2111,Petrol,Automatic,Hatchback,First,1090.8,,1393.3,18.28,8277.0,10.0,16.56
TAT-VEH-2112,Petrol,Manual,Luxury,First,2887.9,202.0,2260.5,16.01,5815.0,9.32,38.98
TAT-VEH-2113,Diesel,Automatic,SUV,Second,1599.0,125.5,1712.2,20.89,2948.0,9.45,24.91
TAT-VEH-2114,Diesel,Automatic,SUV,First,1813.2,121.9,1615.4,18.89,46589.0,8.96,20.55
TAT-VEH-2115,Diesel,Manual,Luxury,First,3253.9,230.7,2472.6,19.65,46702.0,7.49,37.02
TAT-VEH-2116,Petrol,Manual,Hatchback,First,1411.1,,1492.9,18.99,197129.0,,11.2
TAT-VEH-2117,CNG,Manual,Sedan,Third,1414.1,94.8,1522.6,25.75,24841.0,9.75,17.49
TAT-VEH-2118,Petrol,Manual,Hatchback,First,1310.5,91.7,1395.7,,20150.0,8.52,20.11
TAT-VEH-2119,Petrol,Manual,Hatchback,Third,909.9,65.7,1145.5,19.56,46068.0,,9.93
TAT-VEH-2120,CNG,Automatic,Hatchback,First,1295.9,107.2,1479.4,19.77,80590.0,8.62,17.24
TAT-VEH-2121,Electric,Automatic,Sedan,First,0.0,132.0,1094.1,27.13,126247.0,5.36,16.23
TAT-VEH-2122,CNG,Automatic,Hatchback,First,1076.4,61.7,1355.5,21.09,75133.0,7.76,11.0
TAT-VEH-2123,CNG,Manual,Hatchback,First,1243.1,106.9,1388.8,23.25,27034.0,9.07,18.53
TAT-VEH-2124,Diesel,Automatic,Hatchback,First,1159.8,76.9,1405.9,151.04183343717585,47343.0,6.76,14.19
TAT-VEH-2125,Diesel,Automatic,Hatchback,First,1395.1,103.9,1616.4,18.59,89301.0,7.09,18.29
TAT-VEH-2126,Petrol,Automatic,Luxury,Third,2643.2,203.6,2165.2,18.52,32354.0,9.14,34.88
TAT-VEH-2127,Petrol,Manual,SUV,Second,2154.9,164.0,1849.7,12.33,12990.0,9.64,29.04
TAT-VEH-2128,Petrol,Automatic,Luxury,Second,2881.2,229.2,2311.1,16.28,10370.0,10.0,34.09
TAT-VEH-2129,Petrol,Manual,Sedan,First,1466.3,,1553.2,,2007.0,9.51,258.39608183802966
TAT-VEH-2130,Diesel,Manual,Hatchback,First,1169.4,77.4,1381.0,19.83,59001.0,8.54,11.35
TAT-VEH-2131,Diesel,Manual,SUV,First,1786.6,160.1,1746.0,18.82,7300.0,9.18,28.62
TAT-VEH-2132,Petrol,Automatic,Hatchback,Second,1194.9,91.9,1475.7,15.78,14578.0,8.54,20.04
TAT-VEH-2133,Petrol,Automatic,Hatchback,Third,1187.6,87.3,1328.2,13.85,17914.0,8.51,15.01
TAT-VEH-2134,Diesel,Manual,Hatchback,First,1233.2,104.1,1354.9,17.57,38983.0,7.81,17.31
TAT-VEH-2135,Petrol,Manual,Hatchback,First,1209.7,93.7,1463.0,16.36,24834.0,9.7,16.67
TAT-VEH-2136,CNG,Manual,Hatchback,First,1316.7,103.5,1355.9,26.39,52532.0,,18.95
TAT-VEH-2137,Diesel,Manual,Sedan,First,1682.7,156.1,1719.0,17.32,4576.0,9.83,27.29
TAT-VEH-2138,Diesel,Manual,SUV,First,1735.3,126.8,1830.2,,7954.0,9.41,26.64
TAT-VEH-2139,Diesel,Manual,Hatchback,First,1327.3,95.7,1453.2,20.72,33121.0,8.79,18.05
TAT-VEH-2140,CNG,Automatic,Hatchback,Second,1019.0,77.8,1245.1,24.43,20492.0,,15.11
TAT-VEH-2141,Petrol,Manual,SUV,First,2145.0,173.7,1932.1,17.99,17782.0,9.03,29.9
TAT-VEH-2142,Diesel,Manual,Hatchback,First,1290.0,78.7,1395.7,16.46,5122.0,10.0,17.44
TAT-VEH-2143,Diesel,Manual,Hatchback,Third,910.3,,1189.1,14.02,103730.0,6.86,4.59
TAT-VEH-2144,Petrol,Automatic,SUV,First,2021.2,144.5,1851.8,13.9,54968.0,8.14,24.53
TAT-VEH-2145,CNG,Automatic,Hatchback,First,1126.7,64.9,1254.6,22.97,7835.0,10.0,13.64
TAT-VEH-2146,Diesel,Automatic,Hatchback,First,1083.2,76.1,1403.7,18.78,5027.0,8.79,17.04
TAT-VEH-2147,Diesel,Manual,Sedan,First,1768.2,138.6,1727.6,17.22,167771.0,5.78,18.28
TAT-VEH-2148,CNG,Manual,Hatchback,First,1098.9,71.7,1350.2,25.98,53440.0,8.67,11.66
TAT-VEH-2149,CNG,Manual,Sedan,Second,1336.7,83.1,1394.2,23.92,26316.0,8.76,15.9
TAT-VEH-2150,Diesel,Automatic,SUV,First,2016.9,152.1,1900.5,19.42,56439.0,9.17,23.87
TAT-VEH-2151,CNG,Automatic,Hatchback,First,1299.8,107.8,1461.6,24.82,65538.0,6.82,14.73
TAT-VEH-2152,Diesel,Automatic,Sedan,Second,1469.7,89.9,1503.0,19.55,70128.0,7.48,16.59
TAT-VEH-2153,Diesel,Automatic,Sedan,First,1731.3,139.7,1658.5,18.93,31243.0,8.18,24.68
TAT-VEH-2154,Diesel,Automatic,Hatchback,Second,1276.6,105.6,1411.0,20.43,27286.0,,19.34
TAT-VEH-2155,Diesel,Manual,Sedan,Second,1062.4,91.1,1384.0,16.77,2499.0,9.06,19.71
TAT-VEH-2156,Petrol,Automatic,Hatchback,First,1117.6,98.4,1365.0,19.7,119506.0,6.65,12.86
TAT-VEH-2157,CNG,Manual,Sedan,Second,1385.6,130.3,1518.0,24.03,43607.0,,19.34
TAT-VEH-2158,CNG,Manual,Hatchback,First,1268.9,,1389.2,21.88,12219.0,9.16,17.26
TAT-VEH-2159,Petrol,Manual,Sedan,Third,973.0,74.3,1311.2,16.06,115435.0,6.74,10.33
TAT-VEH-2160,CNG,Manual,Hatchback,First,1579.4,113.5,1555.1,22.8,112894.0,6.41,15.62
TAT-VEH-2161,,Manual,SUV,Third,2130.8,159.8,1889.4,17.5,205703.0,3.27,20.28
TAT-VEH-2162,Petrol,Manual,Hatchback,Second,1219.3,109.8,1452.0,22.13,95237.0,8.76,15.71
TAT-VEH-2163,Diesel,Manual,Sedan,First,1734.3,113.9,1545.9,,277050.0,1.59,7.56
TAT-VEH-2164,Petrol,Manual,Sedan,First,1966.7,137.2,1707.8,16.5,14628.0,8.05,23.76
TAT-VEH-2165,,Manual,SUV,Third,2215.7,182.7,1999.1,,85103.0,6.86,26.81
TAT-VEH-2166,CNG,Manual,Sedan,Second,1687.8,138.8,1650.9,25.41,79929.0,6.76,22.06
TAT-VEH-2167,Diesel,Manual,SUV,First,2030.7,147.9,1883.3,16.52,13816.0,9.9,25.63
TAT-VEH-2168,Petrol,Manual,SUV,Second,1962.6,157.4,1878.8,13.63,6663.0,9.8,29.68
TAT-VEH-2169,Petrol,Automatic,SUV,First,1879.1,145.0,1806.1,12.2,176756.0,4.99,21.77
TAT-VEH-2170,Diesel,Automatic,Hatchback,First,1073.1,98.5,1462.8,21.05,17796.0,9.07,19.44
TAT-VEH-2171,Electric,Automatic,Sedan,First,0.0,141.9,1100.6,,94120.0,6.94,16.44
TAT-VEH-2172,Diesel,Automatic,SUV,First,1826.2,149.3,1794.9,19.07,2186.0,9.51,29.06
TAT-VEH-2173,Petrol,Manual,Luxury,Second,2452.8,215.7,2118.5,-13.272478907454685,2956.0,9.67,38.72
TAT-VEH-2174,Diesel,Automatic,SUV,First,1979.0,155.6,1954.3,23.45,30220.0,9.44,27.26
TAT-VEH-2175,Diesel,Manual,Sedan,Second,1161.1,87.7,1474.8,16.9,14274.0,9.59,19.31
TAT-VEH-2176,Diesel,Manual,Hatchback,First,1225.6,100.6,1431.1,12.95,54680.0,,16.21
TAT-VEH-2177,Petrol,Automatic,Sedan,First,1490.7,107.4,1559.6,16.88,39517.0,8.97,16.31
TAT-VEH-2178,Diesel,Manual,SUV,First,2034.7,181.3,1983.4,,5629.0,10.0,30.31
TAT-VEH-2179,Diesel,Automatic,Sedan,First,1393.6,106.7,1497.2,21.77,9987.0,9.69,22.48
TAT-VEH-2180,Electric,Automatic,Sedan,First,0.0,133.2,1050.2,21.05,24100.0,9.33,18.03
TAT-VEH-2181,Petrol,Automatic,SUV,First,2767.2,197.5,2256.0,,11239.0,10.0,34.53
TAT-VEH-2182,Diesel,Automatic,Sedan,First,1770.0,145.9,1738.2,22.92,72708.0,7.32,23.34
TAT-VEH-2183,,Manual,SUV,First,0.0,161.7,1163.4,,26209.0,8.54,23.4
TAT-VEH-2184,Petrol,Manual,Sedan,First,1249.1,87.7,1364.7,13.8,6414.0,8.91,16.43
TAT-VEH-2185,Electric,Manual,Hatchback,First,0.0,,1050.1,21.81,31804.0,9.0,22.61
TAT-VEH-2186,Diesel,Manual,Sedan,Second,1544.6,97.7,1546.7,23.31,6285.0,8.51,18.36
TAT-VEH-2187,Petrol,Automatic,SUV,Third,1846.0,,1793.1,13.52,8212.0,9.84,23.39
TAT-VEH-2188,Petrol,Automatic,Hatchback,First,1044.8,83.8,1313.9,13.72,14327.0,,16.37
TAT-VEH-2189,,Automatic,Hatchback,First,996.0,95.2,1408.4,20.34,90324.0,7.9,16.46
TAT-VEH-2190,Petrol,Manual,Luxury,First,3165.9,228.2,2393.4,13.77,118330.0,6.02,35.92
TAT-VEH-2191,Diesel,Manual,Hatchback,Third,,66.8,1247.4,19.43,80758.0,7.37,9.81
TAT-VEH-2192,Petrol,Manual,Sedan,First,1691.6,116.1,1628.9,10.85,20296.0,,19.39
TAT-VEH-2193,Diesel,Manual,Sedan,First,1696.8,111.2,1617.8,25.2,16313.0,10.0,20.35
TAT-VEH-2194,Petrol,Automatic,Sedan,First,1772.8,149.0,1781.5,11.46,37848.0,8.31,27.63
TAT-VEH-2195,CNG,Manual,Sedan,First,1327.5,118.1,1471.1,23.86,59582.0,8.21,20.11
TAT-VEH-2196,Electric,Manual,Hatchback,First,0.0,148.0,1188.4,21.92,227746.0,3.47,15.65
TAT-VEH-2197,Electric,Manual,Sedan,Second,0.0,,1274.6,26.78,8348.0,9.79,27.83
TAT-VEH-2198,Diesel,Automatic,Sedan,First,1593.1,,1608.4,15.29,4275.0,9.52,23.03
TAT-VEH-2199,Petrol,Automatic,SUV,First,2156.1,160.6,1968.6,21.45,55340.0,8.99,27.08
