review_id,review_text,sentiment_label,sentiment_category
REV_01179,Touchscreen freezes repeatedly reverse camera fails to display and Bluetooth disconnects.,0,Negative
REV_00866,Servicing cost was as quoted in the user manual no surprise charges but nothing special.,1,Neutral
REV_00102,Terrible lag in the AMT gearbox jerky gear shifts and constant hesitation when overtaking.,0,Negative
REV_00440,Braking bite is acceptable pedal feel is progressive under normal city driving.,1,Neutral
REV_00059,Servicing cost was as quoted in the user manual no surprise charges but nothing special.,1,Neutral
REV_01121,Cabin acoustics are okay slight wind noise above 90 kmh but manageable with music.,1,Neutral
REV_00324,Worst customer service experience dealership kept car for five days without diagnosing error.,0,Negative
REV_00975,Disastrous mileage barely gives 8 kmpl in city traffic company claims are completely false.,0,Negative
REV_00412,Best car in the compact SUV segment superb ground clearance and commanding road presence.,2,Positive
REV_00856,Outstanding fuel economy and exceptionally smooth automatic transmission on highway.,2,Positive
REV_00821,Styling is conventional blend in with traffic neither striking nor ugly.,1,Neutral
REV_00045,Worst customer service experience dealership kept car for five days without diagnosing error.,0,Negative
REV_00050,Braking bite is acceptable pedal feel is progressive under normal city driving.,1,Neutral
REV_00850,Spacious cabin excellent legroom and the ventilated leather seats are fantastic.,2,Positive
REV_00241,Tata build quality feels sturdy solid and the 5 star crash safety gives peace of mind.,2,Positive
REV_00171,Shocking rattling noises from dashboard within two months and service center was unhelpful.,0,Negative
REV_00524,Infotainment has basic features bluetooth works fine but screen brightness is average.,1,Neutral
REV_00766,Best car in the compact SUV segment superb ground clearance and commanding road presence.,2,Positive
REV_00839,Suspension is slightly stiff over bumps but handles straight highway roads decently.,1,Neutral
REV_00424,Dealership delivered car on time with flawless customer support and transparent pricing.,2,Positive
REV_00381,Terrible lag in the AMT gearbox jerky gear shifts and constant hesitation when overtaking.,0,Negative
REV_00610,Cruising at triple digits is effortless stability is rock solid and steering is precise.,2,Positive
REV_00677,Suspension is slightly stiff over bumps but handles straight highway roads decently.,1,Neutral
REV_00345,Terrible lag in the AMT gearbox jerky gear shifts and constant hesitation when overtaking.,0,Negative
REV_00110,The dashboard plastics are decent neither too premium nor terribly cheap.,1,Neutral
REV_00278,The dashboard plastics are decent neither too premium nor terribly cheap.,1,Neutral
REV_00678,Terrible lag in the AMT gearbox jerky gear shifts and constant hesitation when overtaking.,0,Negative
REV_00571,The ride comfort and suspension absorption on potholes is truly best in class.,2,Positive
REV_00359,Servicing cost was as quoted in the user manual no surprise charges but nothing special.,1,Neutral
REV_00599,Average vehicle performance adequate for daily office commute but lacks highway punch.,1,Neutral
REV_00391,Best car in the compact SUV segment superb ground clearance and commanding road presence.,2,Positive
REV_00894,Extremely harsh ride every road imperfection sends vibrations directly into the cabin spine.,0,Negative
REV_00693,Extremely harsh ride every road imperfection sends vibrations directly into the cabin spine.,0,Negative
REV_00728,Infotainment has basic features bluetooth works fine but screen brightness is average.,1,Neutral
REV_00363,A/C cooling is ineffective takes over twenty minutes to chill cabin on sunny afternoons.,0,Negative
REV_00597,Touchscreen freezes repeatedly reverse camera fails to display and Bluetooth disconnects.,0,Negative
REV_00428,Infotainment has basic features bluetooth works fine but screen brightness is average.,1,Neutral
REV_00071,Braking bite is acceptable pedal feel is progressive under normal city driving.,1,Neutral
REV_00322,Dealership delivered car on time with flawless customer support and transparent pricing.,2,Positive
REV_00653,Cabin acoustics are okay slight wind noise above 90 kmh but manageable with music.,1,Neutral
REV_01066,Incredible electric acceleration instant torque and regenerative braking works flawlessly.,2,Positive
REV_00108,Poor fit and finish uneven panel gaps water ingress in tail lamp during monsoon rain.,0,Negative
REV_01109,Decent boot space for weekend luggage though three adults in the rear is a bit tight.,1,Neutral
REV_00356,Servicing cost was as quoted in the user manual no surprise charges but nothing special.,1,Neutral
REV_00951,Repeated battery drainage issues breakdown on highway stranded with family zero roadside assist.,0,Negative
REV_00343,Infotainment screen is responsive Apple CarPlay connects seamlessly and audio is crisp.,2,Positive
REV_00355,Super quiet cabin NVH insulation is refined and highway mileage exceeded expectations.,2,Positive
REV_00024,A/C cooling is ineffective takes over twenty minutes to chill cabin on sunny afternoons.,0,Negative
REV_00044,Cabin acoustics are okay slight wind noise above 90 kmh but manageable with music.,1,Neutral
REV_00244,Cruising at triple digits is effortless stability is rock solid and steering is precise.,2,Positive
REV_00738,Poor fit and finish uneven panel gaps water ingress in tail lamp during monsoon rain.,0,Negative
REV_01136,Decent boot space for weekend luggage though three adults in the rear is a bit tight.,1,Neutral
REV_00368,Infotainment has basic features bluetooth works fine but screen brightness is average.,1,Neutral
REV_00164,Suspension is slightly stiff over bumps but handles straight highway roads decently.,1,Neutral
REV_01116,Shocking rattling noises from dashboard within two months and service center was unhelpful.,0,Negative
REV_00333,Worst customer service experience dealership kept car for five days without diagnosing error.,0,Negative
REV_00989,Suspension is slightly stiff over bumps but handles straight highway roads decently.,1,Neutral
REV_01173,Terrible lag in the AMT gearbox jerky gear shifts and constant hesitation when overtaking.,0,Negative
REV_01002,Poor fit and finish uneven panel gaps water ingress in tail lamp during monsoon rain.,0,Negative
REV_00378,Touchscreen freezes repeatedly reverse camera fails to display and Bluetooth disconnects.,0,Negative
REV_00310,Outstanding fuel economy and exceptionally smooth automatic transmission on highway.,2,Positive
REV_00156,Extremely harsh ride every road imperfection sends vibrations directly into the cabin spine.,0,Negative
REV_00211,Tata build quality feels sturdy solid and the 5 star crash safety gives peace of mind.,2,Positive
REV_00087,Shocking rattling noises from dashboard within two months and service center was unhelpful.,0,Negative
REV_00169,Dealership delivered car on time with flawless customer support and transparent pricing.,2,Positive
REV_00995,Decent boot space for weekend luggage though three adults in the rear is a bit tight.,1,Neutral
REV_00052,Outstanding fuel economy and exceptionally smooth automatic transmission on highway.,2,Positive
REV_00439,Infotainment screen is responsive Apple CarPlay connects seamlessly and audio is crisp.,2,Positive
REV_00550,Incredible electric acceleration instant torque and regenerative braking works flawlessly.,2,Positive
REV_00491,Average vehicle performance adequate for daily office commute but lacks highway punch.,1,Neutral
REV_00426,Worst customer service experience dealership kept car for five days without diagnosing error.,0,Negative
REV_00136,Super quiet cabin NVH insulation is refined and highway mileage exceeded expectations.,2,Positive
REV_01192,The ride comfort and suspension absorption on potholes is truly best in class.,2,Positive
REV_00055,Cruising at triple digits is effortless stability is rock solid and steering is precise.,2,Positive
REV_00079,Outstanding fuel economy and exceptionally smooth automatic transmission on highway.,2,Positive
REV_00431,Suspension is slightly stiff over bumps but handles straight highway roads decently.,1,Neutral
REV_00185,The dashboard plastics are decent neither too premium nor terribly cheap.,1,Neutral
REV_00057,Touchscreen freezes repeatedly reverse camera fails to display and Bluetooth disconnects.,0,Negative
REV_00943,Cruising at triple digits is effortless stability is rock solid and steering is precise.,2,Positive
REV_00851,Fuel mileage is around 14 kmpl which is standard for a 1.2 liter petrol engine.,1,Neutral
REV_01164,Shocking rattling noises from dashboard within two months and service center was unhelpful.,0,Negative
REV_00219,Touchscreen freezes repeatedly reverse camera fails to display and Bluetooth disconnects.,0,Negative
REV_00845,The dashboard plastics are decent neither too premium nor terribly cheap.,1,Neutral
REV_00114,Shocking rattling noises from dashboard within two months and service center was unhelpful.,0,Negative
REV_00549,Extremely harsh ride every road imperfection sends vibrations directly into the cabin spine.,0,Negative
REV_01019,Average vehicle performance adequate for daily office commute but lacks highway punch.,1,Neutral
REV_01073,Suspension is slightly stiff over bumps but handles straight highway roads decently.,1,Neutral
REV_00175,Cruising at triple digits is effortless stability is rock solid and steering is precise.,2,Positive
REV_01023,Disastrous mileage barely gives 8 kmpl in city traffic company claims are completely false.,0,Negative
REV_00616,Cruising at triple digits is effortless stability is rock solid and steering is precise.,2,Positive
REV_00514,Infotainment screen is responsive Apple CarPlay connects seamlessly and audio is crisp.,2,Positive
REV_00462,Terrible lag in the AMT gearbox jerky gear shifts and constant hesitation when overtaking.,0,Negative
REV_00287,Fuel mileage is around 14 kmpl which is standard for a 1.2 liter petrol engine.,1,Neutral
REV_00382,Cruising at triple digits is effortless stability is rock solid and steering is precise.,2,Positive
REV_01008,Poor fit and finish uneven panel gaps water ingress in tail lamp during monsoon rain.,0,Negative
REV_00671,The dashboard plastics are decent neither too premium nor terribly cheap.,1,Neutral
REV_00535,Dealership delivered car on time with flawless customer support and transparent pricing.,2,Positive
REV_00910,Tata build quality feels sturdy solid and the 5 star crash safety gives peace of mind.,2,Positive
REV_00293,Suspension is slightly stiff over bumps but handles straight highway roads decently.,1,Neutral
REV_00124,Dealership delivered car on time with flawless customer support and transparent pricing.,2,Positive
REV_00583,Outstanding fuel economy and exceptionally smooth automatic transmission on highway.,2,Positive
REV_00141,Worst customer service experience dealership kept car for five days without diagnosing error.,0,Negative
REV_00736,Dealership delivered car on time with flawless customer support and transparent pricing.,2,Positive
REV_00082,Best car in the compact SUV segment superb ground clearance and commanding road presence.,2,Positive
REV_00882,A/C cooling is ineffective takes over twenty minutes to chill cabin on sunny afternoons.,0,Negative
REV_00740,Braking bite is acceptable pedal feel is progressive under normal city driving.,1,Neutral
REV_01102,Tata build quality feels sturdy solid and the 5 star crash safety gives peace of mind.,2,Positive
REV_00909,Shocking rattling noises from dashboard within two months and service center was unhelpful.,0,Negative
REV_01167,A/C cooling is ineffective takes over twenty minutes to chill cabin on sunny afternoons.,0,Negative
REV_00937,Best car in the compact SUV segment superb ground clearance and commanding road presence.,2,Positive
REV_00372,A/C cooling is ineffective takes over twenty minutes to chill cabin on sunny afternoons.,0,Negative
REV_00890,Braking bite is acceptable pedal feel is progressive under normal city driving.,1,Neutral
REV_00157,Outstanding fuel economy and exceptionally smooth automatic transmission on highway.,2,Positive
REV_00992,Servicing cost was as quoted in the user manual no surprise charges but nothing special.,1,Neutral
REV_00622,Spacious cabin excellent legroom and the ventilated leather seats are fantastic.,2,Positive
REV_01038,Steering feels dead vague centering and excessive body roll when cornering at speed.,0,Negative
REV_00245,Servicing cost was as quoted in the user manual no surprise charges but nothing special.,1,Neutral
REV_00159,Worst customer service experience dealership kept car for five days without diagnosing error.,0,Negative
REV_00746,Fuel mileage is around 14 kmpl which is standard for a 1.2 liter petrol engine.,1,Neutral
REV_00193,Cruising at triple digits is effortless stability is rock solid and steering is precise.,2,Positive
REV_00534,Shocking rattling noises from dashboard within two months and service center was unhelpful.,0,Negative
REV_00904,The ride comfort and suspension absorption on potholes is truly best in class.,2,Positive
REV_01004,Suspension is slightly stiff over bumps but handles straight highway roads decently.,1,Neutral
REV_01070,Suspension is slightly stiff over bumps but handles straight highway roads decently.,1,Neutral
REV_00414,Terrible lag in the AMT gearbox jerky gear shifts and constant hesitation when overtaking.,0,Negative
REV_01187,Styling is conventional blend in with traffic neither striking nor ugly.,1,Neutral
REV_00328,Cruising at triple digits is effortless stability is rock solid and steering is precise.,2,Positive
REV_00129,Repeated battery drainage issues breakdown on highway stranded with family zero roadside assist.,0,Negative
REV_00695,Average vehicle performance adequate for daily office commute but lacks highway punch.,1,Neutral
REV_00631,Tata build quality feels sturdy solid and the 5 star crash safety gives peace of mind.,2,Positive
REV_00275,The dashboard plastics are decent neither too premium nor terribly cheap.,1,Neutral
REV_01148,Fuel mileage is around 14 kmpl which is standard for a 1.2 liter petrol engine.,1,Neutral
REV_00309,Repeated battery drainage issues breakdown on highway stranded with family zero roadside assist.,0,Negative
REV_00234,Terrible lag in the AMT gearbox jerky gear shifts and constant hesitation when overtaking.,0,Negative
REV_01048,Dealership delivered car on time with flawless customer support and transparent pricing.,2,Positive
REV_00623,Average vehicle performance adequate for daily office commute but lacks highway punch.,1,Neutral
REV_00644,Fuel mileage is around 14 kmpl which is standard for a 1.2 liter petrol engine.,1,Neutral
REV_00479,Infotainment has basic features bluetooth works fine but screen brightness is average.,1,Neutral
REV_00472,Infotainment screen is responsive Apple CarPlay connects seamlessly and audio is crisp.,2,Positive
REV_00926,Cabin acoustics are okay slight wind noise above 90 kmh but manageable with music.,1,Neutral
REV_01098,Terrible lag in the AMT gearbox jerky gear shifts and constant hesitation when overtaking.,0,Negative
REV_00627,Disastrous mileage barely gives 8 kmpl in city traffic company claims are completely false.,0,Negative
REV_00395,Styling is conventional blend in with traffic neither striking nor ugly.,1,Neutral
REV_00637,The ride comfort and suspension absorption on potholes is truly best in class.,2,Positive
REV_00768,A/C cooling is ineffective takes over twenty minutes to chill cabin on sunny afternoons.,0,Negative
REV_00533,Infotainment has basic features bluetooth works fine but screen brightness is average.,1,Neutral
REV_00718,Outstanding fuel economy and exceptionally smooth automatic transmission on highway.,2,Positive
REV_00667,Incredible electric acceleration instant torque and regenerative braking works flawlessly.,2,Positive
REV_00598,Best car in the compact SUV segment superb ground clearance and commanding road presence.,2,Positive
REV_00482,Styling is conventional blend in with traffic neither striking nor ugly.,1,Neutral
REV_01103,Styling is conventional blend in with traffic neither striking nor ugly.,1,Neutral
REV_00315,A/C cooling is ineffective takes over twenty minutes to chill cabin on sunny afternoons.,0,Negative
REV_00729,Touchscreen freezes repeatedly reverse camera fails to display and Bluetooth disconnects.,0,Negative
REV_00210,Shocking rattling noises from dashboard within two months and service center was unhelpful.,0,Negative
REV_00934,Outstanding fuel economy and exceptionally smooth automatic transmission on highway.,2,Positive
REV_00434,The dashboard plastics are decent neither too premium nor terribly cheap.,1,Neutral
REV_00329,Average vehicle performance adequate for daily office commute but lacks highway punch.,1,Neutral
REV_00261,Touchscreen freezes repeatedly reverse camera fails to display and Bluetooth disconnects.,0,Negative
REV_01117,Cruising at triple digits is effortless stability is rock solid and steering is precise.,2,Positive
REV_00307,Infotainment screen is responsive Apple CarPlay connects seamlessly and audio is crisp.,2,Positive
REV_01067,Average vehicle performance adequate for daily office commute but lacks highway punch.,1,Neutral
REV_00928,Cruising at triple digits is effortless stability is rock solid and steering is precise.,2,Positive
REV_01025,Decent boot space for weekend luggage though three adults in the rear is a bit tight.,1,Neutral
REV_00271,Infotainment screen is responsive Apple CarPlay connects seamlessly and audio is crisp.,2,Positive
REV_00291,Extremely harsh ride every road imperfection sends vibrations directly into the cabin spine.,0,Negative
REV_00813,Touchscreen freezes repeatedly reverse camera fails to display and Bluetooth disconnects.,0,Negative
REV_00097,Best car in the compact SUV segment superb ground clearance and commanding road presence.,2,Positive
REV_00888,Worst customer service experience dealership kept car for five days without diagnosing error.,0,Negative
REV_00819,Terrible lag in the AMT gearbox jerky gear shifts and constant hesitation when overtaking.,0,Negative
REV_00032,The dashboard plastics are decent neither too premium nor terribly cheap.,1,Neutral
REV_00763,Super quiet cabin NVH insulation is refined and highway mileage exceeded expectations.,2,Positive
REV_00954,Worst customer service experience dealership kept car for five days without diagnosing error.,0,Negative
REV_00320,Fuel mileage is around 14 kmpl which is standard for a 1.2 liter petrol engine.,1,Neutral
REV_00299,The dashboard plastics are decent neither too premium nor terribly cheap.,1,Neutral
REV_00200,Servicing cost was as quoted in the user manual no surprise charges but nothing special.,1,Neutral
REV_00561,Disastrous mileage barely gives 8 kmpl in city traffic company claims are completely false.,0,Negative
REV_00179,Fuel mileage is around 14 kmpl which is standard for a 1.2 liter petrol engine.,1,Neutral
REV_01132,Infotainment screen is responsive Apple CarPlay connects seamlessly and audio is crisp.,2,Positive
REV_00089,Braking bite is acceptable pedal feel is progressive under normal city driving.,1,Neutral
REV_00788,The dashboard plastics are decent neither too premium nor terribly cheap.,1,Neutral
REV_00725,Average vehicle performance adequate for daily office commute but lacks highway punch.,1,Neutral
REV_00827,Fuel mileage is around 14 kmpl which is standard for a 1.2 liter petrol engine.,1,Neutral
REV_00209,Styling is conventional blend in with traffic neither striking nor ugly.,1,Neutral
REV_01040,Styling is conventional blend in with traffic neither striking nor ugly.,1,Neutral
REV_00297,Extremely harsh ride every road imperfection sends vibrations directly into the cabin spine.,0,Negative
REV_00998,Braking bite is acceptable pedal feel is progressive under normal city driving.,1,Neutral
REV_00498,Repeated battery drainage issues breakdown on highway stranded with family zero roadside assist.,0,Negative
REV_00835,Incredible electric acceleration instant torque and regenerative braking works flawlessly.,2,Positive
REV_00430,The ride comfort and suspension absorption on potholes is truly best in class.,2,Positive
REV_00507,Shocking rattling noises from dashboard within two months and service center was unhelpful.,0,Negative
REV_00831,Steering feels dead vague centering and excessive body roll when cornering at speed.,0,Negative
REV_00694,Best car in the compact SUV segment superb ground clearance and commanding road presence.,2,Positive
REV_00011,Suspension is slightly stiff over bumps but handles straight highway roads decently.,1,Neutral
REV_00848,Suspension is slightly stiff over bumps but handles straight highway roads decently.,1,Neutral
REV_00463,Super quiet cabin NVH insulation is refined and highway mileage exceeded expectations.,2,Positive
REV_00199,The ride comfort and suspension absorption on potholes is truly best in class.,2,Positive
REV_00060,Worst customer service experience dealership kept car for five days without diagnosing error.,0,Negative
REV_00907,Best car in the compact SUV segment superb ground clearance and commanding road presence.,2,Positive
REV_00997,Super quiet cabin NVH insulation is refined and highway mileage exceeded expectations.,2,Positive
REV_00276,Terrible lag in the AMT gearbox jerky gear shifts and constant hesitation when overtaking.,0,Negative
REV_00809,Suspension is slightly stiff over bumps but handles straight highway roads decently.,1,Neutral
REV_00908,Fuel mileage is around 14 kmpl which is standard for a 1.2 liter petrol engine.,1,Neutral
REV_00658,Spacious cabin excellent legroom and the ventilated leather seats are fantastic.,2,Positive
REV_00957,Disastrous mileage barely gives 8 kmpl in city traffic company claims are completely false.,0,Negative
REV_00886,Incredible electric acceleration instant torque and regenerative braking works flawlessly.,2,Positive
REV_00221,Average vehicle performance adequate for daily office commute but lacks highway punch.,1,Neutral
REV_00789,Repeated battery drainage issues breakdown on highway stranded with family zero roadside assist.,0,Negative
REV_00712,Spacious cabin excellent legroom and the ventilated leather seats are fantastic.,2,Positive
REV_00714,Poor fit and finish uneven panel gaps water ingress in tail lamp during monsoon rain.,0,Negative
REV_01113,Terrible lag in the AMT gearbox jerky gear shifts and constant hesitation when overtaking.,0,Negative
REV_01191,A/C cooling is ineffective takes over twenty minutes to chill cabin on sunny afternoons.,0,Negative
REV_00790,The ride comfort and suspension absorption on potholes is truly best in class.,2,Positive
REV_00416,Infotainment has basic features bluetooth works fine but screen brightness is average.,1,Neutral
REV_00899,Servicing cost was as quoted in the user manual no surprise charges but nothing special.,1,Neutral
REV_00935,Decent boot space for weekend luggage though three adults in the rear is a bit tight.,1,Neutral
REV_00266,Suspension is slightly stiff over bumps but handles straight highway roads decently.,1,Neutral
REV_00632,Infotainment has basic features bluetooth works fine but screen brightness is average.,1,Neutral
REV_00248,Braking bite is acceptable pedal feel is progressive under normal city driving.,1,Neutral
REV_00683,Decent boot space for weekend luggage though three adults in the rear is a bit tight.,1,Neutral
REV_00559,Best car in the compact SUV segment superb ground clearance and commanding road presence.,2,Positive
REV_01137,Touchscreen freezes repeatedly reverse camera fails to display and Bluetooth disconnects.,0,Negative
REV_00968,Fuel mileage is around 14 kmpl which is standard for a 1.2 liter petrol engine.,1,Neutral
REV_01005,Extremely harsh ride every road imperfection sends vibrations directly into the cabin spine.,0,Negative
REV_00985,Infotainment screen is responsive Apple CarPlay connects seamlessly and audio is crisp.,2,Positive
REV_00295,Outstanding fuel economy and exceptionally smooth automatic transmission on highway.,2,Positive
REV_00520,Best car in the compact SUV segment superb ground clearance and commanding road presence.,2,Positive
REV_00771,Worst customer service experience dealership kept car for five days without diagnosing error.,0,Negative
REV_00084,Terrible lag in the AMT gearbox jerky gear shifts and constant hesitation when overtaking.,0,Negative
REV_00232,Outstanding fuel economy and exceptionally smooth automatic transmission on highway.,2,Positive
REV_00621,Disastrous mileage barely gives 8 kmpl in city traffic company claims are completely false.,0,Negative
REV_00334,Dealership delivered car on time with flawless customer support and transparent pricing.,2,Positive
REV_00130,Dealership delivered car on time with flawless customer support and transparent pricing.,2,Positive
REV_01012,Best car in the compact SUV segment superb ground clearance and commanding road presence.,2,Positive
REV_00645,Terrible lag in the AMT gearbox jerky gear shifts and constant hesitation when overtaking.,0,Negative
REV_00974,Servicing cost was as quoted in the user manual no surprise charges but nothing special.,1,Neutral
REV_00383,The dashboard plastics are decent neither too premium nor terribly cheap.,1,Neutral
REV_00868,Spacious cabin excellent legroom and the ventilated leather seats are fantastic.,2,Positive
REV_00543,Poor fit and finish uneven panel gaps water ingress in tail lamp during monsoon rain.,0,Negative
REV_01194,Worst customer service experience dealership kept car for five days without diagnosing error.,0,Negative
REV_00875,Average vehicle performance adequate for daily office commute but lacks highway punch.,1,Neutral
REV_00332,Decent boot space for weekend luggage though three adults in the rear is a bit tight.,1,Neutral
REV_00410,Infotainment has basic features bluetooth works fine but screen brightness is average.,1,Neutral
REV_00077,Cabin acoustics are okay slight wind noise above 90 kmh but manageable with music.,1,Neutral
REV_00869,Suspension is slightly stiff over bumps but handles straight highway roads decently.,1,Neutral
REV_00139,Spacious cabin excellent legroom and the ventilated leather seats are fantastic.,2,Positive
REV_00544,Super quiet cabin NVH insulation is refined and highway mileage exceeded expectations.,2,Positive
REV_00674,Cabin acoustics are okay slight wind noise above 90 kmh but manageable with music.,1,Neutral
REV_00921,Shocking rattling noises from dashboard within two months and service center was unhelpful.,0,Negative
REV_00064,Super quiet cabin NVH insulation is refined and highway mileage exceeded expectations.,2,Positive
REV_00142,Dealership delivered car on time with flawless customer support and transparent pricing.,2,Positive
REV_00717,Shocking rattling noises from dashboard within two months and service center was unhelpful.,0,Negative
REV_00377,Suspension is slightly stiff over bumps but handles straight highway roads decently.,1,Neutral
REV_00364,Spacious cabin excellent legroom and the ventilated leather seats are fantastic.,2,Positive
REV_00140,Suspension is slightly stiff over bumps but handles straight highway roads decently.,1,Neutral
REV_00885,Worst customer service experience dealership kept car for five days without diagnosing error.,0,Negative
REV_01042,Tata build quality feels sturdy solid and the 5 star crash safety gives peace of mind.,2,Positive
REV_00225,Repeated battery drainage issues breakdown on highway stranded with family zero roadside assist.,0,Negative
REV_00515,The dashboard plastics are decent neither too premium nor terribly cheap.,1,Neutral
REV_00267,Terrible lag in the AMT gearbox jerky gear shifts and constant hesitation when overtaking.,0,Negative
REV_01170,Worst customer service experience dealership kept car for five days without diagnosing error.,0,Negative
REV_00487,Outstanding fuel economy and exceptionally smooth automatic transmission on highway.,2,Positive
REV_00353,The dashboard plastics are decent neither too premium nor terribly cheap.,1,Neutral
REV_01006,Cruising at triple digits is effortless stability is rock solid and steering is precise.,2,Positive
REV_00618,Touchscreen freezes repeatedly reverse camera fails to display and Bluetooth disconnects.,0,Negative
REV_00668,Infotainment has basic features bluetooth works fine but screen brightness is average.,1,Neutral
REV_00775,Outstanding fuel economy and exceptionally smooth automatic transmission on highway.,2,Positive
REV_00554,Average vehicle performance adequate for daily office commute but lacks highway punch.,1,Neutral
REV_00576,Repeated battery drainage issues breakdown on highway stranded with family zero roadside assist.,0,Negative
REV_00915,Steering feels dead vague centering and excessive body roll when cornering at speed.,0,Negative
REV_00466,Super quiet cabin NVH insulation is refined and highway mileage exceeded expectations.,2,Positive
REV_00591,Extremely harsh ride every road imperfection sends vibrations directly into the cabin spine.,0,Negative
REV_00765,Worst customer service experience dealership kept car for five days without diagnosing error.,0,Negative
REV_00635,Styling is conventional blend in with traffic neither striking nor ugly.,1,Neutral
REV_00838,Dealership delivered car on time with flawless customer support and transparent pricing.,2,Positive
REV_00290,Average vehicle performance adequate for daily office commute but lacks highway punch.,1,Neutral
REV_00040,Infotainment screen is responsive Apple CarPlay connects seamlessly and audio is crisp.,2,Positive
REV_00031,Best car in the compact SUV segment superb ground clearance and commanding road presence.,2,Positive
REV_00243,Disastrous mileage barely gives 8 kmpl in city traffic company claims are completely false.,0,Negative
REV_00429,Disastrous mileage barely gives 8 kmpl in city traffic company claims are completely false.,0,Negative
REV_00137,Cabin acoustics are okay slight wind noise above 90 kmh but manageable with music.,1,Neutral
REV_01101,Repeated battery drainage issues breakdown on highway stranded with family zero roadside assist.,0,Negative
REV_00865,Incredible electric acceleration instant torque and regenerative braking works flawlessly.,2,Positive
REV_00004,Incredible electric acceleration instant torque and regenerative braking works flawlessly.,2,Positive
REV_00833,Infotainment has basic features bluetooth works fine but screen brightness is average.,1,Neutral
REV_00603,A/C cooling is ineffective takes over twenty minutes to chill cabin on sunny afternoons.,0,Negative
REV_01034,Infotainment has basic features bluetooth works fine but screen brightness is average.,1,Neutral
REV_00655,Outstanding fuel economy and exceptionally smooth automatic transmission on highway.,2,Positive
REV_00844,Tata build quality feels sturdy solid and the 5 star crash safety gives peace of mind.,2,Positive
REV_00784,Super quiet cabin NVH insulation is refined and highway mileage exceeded expectations.,2,Positive
REV_01074,A/C cooling is ineffective takes over twenty minutes to chill cabin on sunny afternoons.,0,Negative
REV_00443,Average vehicle performance adequate for daily office commute but lacks highway punch.,1,Neutral
REV_01178,Braking bite is acceptable pedal feel is progressive under normal city driving.,1,Neutral
REV_00436,Outstanding fuel economy and exceptionally smooth automatic transmission on highway.,2,Positive
REV_01169,Average vehicle performance adequate for daily office commute but lacks highway punch.,1,Neutral
REV_00101,Fuel mileage is around 14 kmpl which is standard for a 1.2 liter petrol engine.,1,Neutral
REV_00773,Average vehicle performance adequate for daily office commute but lacks highway punch.,1,Neutral
REV_00495,Extremely harsh ride every road imperfection sends vibrations directly into the cabin spine.,0,Negative
REV_01028,Servicing cost was as quoted in the user manual no surprise charges but nothing special.,1,Neutral
REV_00807,Disastrous mileage barely gives 8 kmpl in city traffic company claims are completely false.,0,Negative
REV_01142,Decent boot space for weekend luggage though three adults in the rear is a bit tight.,1,Neutral
REV_00846,Poor fit and finish uneven panel gaps water ingress in tail lamp during monsoon rain.,0,Negative
REV_00987,Worst customer service experience dealership kept car for five days without diagnosing error.,0,Negative
REV_00228,Repeated battery drainage issues breakdown on highway stranded with family zero roadside assist.,0,Negative
REV_01193,Infotainment has basic features bluetooth works fine but screen brightness is average.,1,Neutral
REV_00672,Terrible lag in the AMT gearbox jerky gear shifts and constant hesitation when overtaking.,0,Negative
REV_00859,Tata build quality feels sturdy solid and the 5 star crash safety gives peace of mind.,2,Positive
REV_00925,Super quiet cabin NVH insulation is refined and highway mileage exceeded expectations.,2,Positive
REV_00067,Infotainment screen is responsive Apple CarPlay connects seamlessly and audio is crisp.,2,Positive
REV_00068,Braking bite is acceptable pedal feel is progressive under normal city driving.,1,Neutral
REV_00817,Cruising at triple digits is effortless stability is rock solid and steering is precise.,2,Positive
REV_00212,Suspension is slightly stiff over bumps but handles straight highway roads decently.,1,Neutral
REV_00013,Cruising at triple digits is effortless stability is rock solid and steering is precise.,2,Positive
REV_00494,Decent boot space for weekend luggage though three adults in the rear is a bit tight.,1,Neutral
REV_01165,Infotainment screen is responsive Apple CarPlay connects seamlessly and audio is crisp.,2,Positive
REV_00300,Steering feels dead vague centering and excessive body roll when cornering at speed.,0,Negative
REV_00411,A/C cooling is ineffective takes over twenty minutes to chill cabin on sunny afternoons.,0,Negative
REV_00757,Outstanding fuel economy and exceptionally smooth automatic transmission on highway.,2,Positive
REV_01075,Spacious cabin excellent legroom and the ventilated leather seats are fantastic.,2,Positive
REV_00696,Repeated battery drainage issues breakdown on highway stranded with family zero roadside assist.,0,Negative
REV_01151,Suspension is slightly stiff over bumps but handles straight highway roads decently.,1,Neutral
REV_00724,Super quiet cabin NVH insulation is refined and highway mileage exceeded expectations.,2,Positive
REV_01016,Cabin acoustics are okay slight wind noise above 90 kmh but manageable with music.,1,Neutral
REV_00528,Extremely harsh ride every road imperfection sends vibrations directly into the cabin spine.,0,Negative
REV_00600,Terrible lag in the AMT gearbox jerky gear shifts and constant hesitation when overtaking.,0,Negative
REV_01120,Spacious cabin excellent legroom and the ventilated leather seats are fantastic.,2,Positive
REV_00567,Worst customer service experience dealership kept car for five days without diagnosing error.,0,Negative
REV_00731,Infotainment has basic features bluetooth works fine but screen brightness is average.,1,Neutral
REV_00274,Dealership delivered car on time with flawless customer support and transparent pricing.,2,Positive
REV_00967,Spacious cabin excellent legroom and the ventilated leather seats are fantastic.,2,Positive
REV_00238,Best car in the compact SUV segment superb ground clearance and commanding road presence.,2,Positive
REV_00406,Dealership delivered car on time with flawless customer support and transparent pricing.,2,Positive
REV_00003,Poor fit and finish uneven panel gaps water ingress in tail lamp during monsoon rain.,0,Negative
REV_00007,Tata build quality feels sturdy solid and the 5 star crash safety gives peace of mind.,2,Positive
REV_00312,Touchscreen freezes repeatedly reverse camera fails to display and Bluetooth disconnects.,0,Negative
REV_01091,Fuel mileage is around 14 kmpl which is standard for a 1.2 liter petrol engine.,1,Neutral
REV_00452,The dashboard plastics are decent neither too premium nor terribly cheap.,1,Neutral
REV_00722,Braking bite is acceptable pedal feel is progressive under normal city driving.,1,Neutral
REV_00216,Terrible lag in the AMT gearbox jerky gear shifts and constant hesitation when overtaking.,0,Negative
REV_01086,Shocking rattling noises from dashboard within two months and service center was unhelpful.,0,Negative
REV_00028,Tata build quality feels sturdy solid and the 5 star crash safety gives peace of mind.,2,Positive
REV_01158,Extremely harsh ride every road imperfection sends vibrations directly into the cabin spine.,0,Negative
REV_00362,Styling is conventional blend in with traffic neither striking nor ugly.,1,Neutral
REV_00823,Incredible electric acceleration instant torque and regenerative braking works flawlessly.,2,Positive
REV_00781,Dealership delivered car on time with flawless customer support and transparent pricing.,2,Positive
REV_00629,Servicing cost was as quoted in the user manual no surprise charges but nothing special.,1,Neutral
REV_00454,Outstanding fuel economy and exceptionally smooth automatic transmission on highway.,2,Positive
REV_00739,Infotainment screen is responsive Apple CarPlay connects seamlessly and audio is crisp.,2,Positive
REV_00536,Fuel mileage is around 14 kmpl which is standard for a 1.2 liter petrol engine.,1,Neutral
REV_01050,Touchscreen freezes repeatedly reverse camera fails to display and Bluetooth disconnects.,0,Negative
REV_00399,Steering feels dead vague centering and excessive body roll when cornering at speed.,0,Negative
REV_00257,Cabin acoustics are okay slight wind noise above 90 kmh but manageable with music.,1,Neutral
REV_00292,Tata build quality feels sturdy solid and the 5 star crash safety gives peace of mind.,2,Positive
REV_00026,Average vehicle performance adequate for daily office commute but lacks highway punch.,1,Neutral
REV_00337,The ride comfort and suspension absorption on potholes is truly best in class.,2,Positive
REV_00585,Extremely harsh ride every road imperfection sends vibrations directly into the cabin spine.,0,Negative
REV_00048,Disastrous mileage barely gives 8 kmpl in city traffic company claims are completely false.,0,Negative
REV_00319,Cruising at triple digits is effortless stability is rock solid and steering is precise.,2,Positive
REV_00107,The dashboard plastics are decent neither too premium nor terribly cheap.,1,Neutral
REV_00799,Dealership delivered car on time with flawless customer support and transparent pricing.,2,Positive
REV_00056,Suspension is slightly stiff over bumps but handles straight highway roads decently.,1,Neutral
REV_00523,Infotainment screen is responsive Apple CarPlay connects seamlessly and audio is crisp.,2,Positive
REV_00214,Infotainment screen is responsive Apple CarPlay connects seamlessly and audio is crisp.,2,Positive
REV_00121,Super quiet cabin NVH insulation is refined and highway mileage exceeded expectations.,2,Positive
REV_00918,Extremely harsh ride every road imperfection sends vibrations directly into the cabin spine.,0,Negative
REV_01068,Repeated battery drainage issues breakdown on highway stranded with family zero roadside assist.,0,Negative
REV_01118,Decent boot space for weekend luggage though three adults in the rear is a bit tight.,1,Neutral
REV_00073,The ride comfort and suspension absorption on potholes is truly best in class.,2,Positive
REV_00948,A/C cooling is ineffective takes over twenty minutes to chill cabin on sunny afternoons.,0,Negative
REV_00747,Worst customer service experience dealership kept car for five days without diagnosing error.,0,Negative
REV_00716,Styling is conventional blend in with traffic neither striking nor ugly.,1,Neutral
REV_00558,Repeated battery drainage issues breakdown on highway stranded with family zero roadside assist.,0,Negative
REV_01082,Braking bite is acceptable pedal feel is progressive under normal city driving.,1,Neutral
REV_01046,Servicing cost was as quoted in the user manual no surprise charges but nothing special.,1,Neutral
REV_00553,Cruising at triple digits is effortless stability is rock solid and steering is precise.,2,Positive
REV_00562,Spacious cabin excellent legroom and the ventilated leather seats are fantastic.,2,Positive
REV_00425,Styling is conventional blend in with traffic neither striking nor ugly.,1,Neutral
REV_01014,Shocking rattling noises from dashboard within two months and service center was unhelpful.,0,Negative
REV_00326,Styling is conventional blend in with traffic neither striking nor ugly.,1,Neutral
REV_00924,Steering feels dead vague centering and excessive body roll when cornering at speed.,0,Negative
REV_00317,The dashboard plastics are decent neither too premium nor terribly cheap.,1,Neutral
REV_00804,Worst customer service experience dealership kept car for five days without diagnosing error.,0,Negative
REV_01163,Infotainment has basic features bluetooth works fine but screen brightness is average.,1,Neutral
REV_00529,Super quiet cabin NVH insulation is refined and highway mileage exceeded expectations.,2,Positive
REV_00837,A/C cooling is ineffective takes over twenty minutes to chill cabin on sunny afternoons.,0,Negative
REV_00715,Dealership delivered car on time with flawless customer support and transparent pricing.,2,Positive
REV_00901,Tata build quality feels sturdy solid and the 5 star crash safety gives peace of mind.,2,Positive
REV_00061,Infotainment screen is responsive Apple CarPlay connects seamlessly and audio is crisp.,2,Positive
REV_00723,Terrible lag in the AMT gearbox jerky gear shifts and constant hesitation when overtaking.,0,Negative
REV_00093,Extremely harsh ride every road imperfection sends vibrations directly into the cabin spine.,0,Negative
REV_00858,A/C cooling is ineffective takes over twenty minutes to chill cabin on sunny afternoons.,0,Negative
REV_00619,Incredible electric acceleration instant torque and regenerative braking works flawlessly.,2,Positive
REV_00352,Spacious cabin excellent legroom and the ventilated leather seats are fantastic.,2,Positive
REV_00933,A/C cooling is ineffective takes over twenty minutes to chill cabin on sunny afternoons.,0,Negative
REV_00281,Servicing cost was as quoted in the user manual no surprise charges but nothing special.,1,Neutral
REV_00421,Infotainment screen is responsive Apple CarPlay connects seamlessly and audio is crisp.,2,Positive
REV_01115,Decent boot space for weekend luggage though three adults in the rear is a bit tight.,1,Neutral
REV_00360,Terrible lag in the AMT gearbox jerky gear shifts and constant hesitation when overtaking.,0,Negative
REV_00423,Extremely harsh ride every road imperfection sends vibrations directly into the cabin spine.,0,Negative
REV_00679,Outstanding fuel economy and exceptionally smooth automatic transmission on highway.,2,Positive
REV_00527,Decent boot space for weekend luggage though three adults in the rear is a bit tight.,1,Neutral
REV_00478,Best car in the compact SUV segment superb ground clearance and commanding road presence.,2,Positive
REV_01095,A/C cooling is ineffective takes over twenty minutes to chill cabin on sunny afternoons.,0,Negative
REV_00183,Terrible lag in the AMT gearbox jerky gear shifts and constant hesitation when overtaking.,0,Negative
REV_01092,A/C cooling is ineffective takes over twenty minutes to chill cabin on sunny afternoons.,0,Negative
REV_00433,Super quiet cabin NVH insulation is refined and highway mileage exceeded expectations.,2,Positive
REV_00111,Terrible lag in the AMT gearbox jerky gear shifts and constant hesitation when overtaking.,0,Negative
REV_00371,Suspension is slightly stiff over bumps but handles straight highway roads decently.,1,Neutral
REV_00240,Shocking rattling noises from dashboard within two months and service center was unhelpful.,0,Negative
REV_00709,The ride comfort and suspension absorption on potholes is truly best in class.,2,Positive
REV_00630,Touchscreen freezes repeatedly reverse camera fails to display and Bluetooth disconnects.,0,Negative
REV_00594,Shocking rattling noises from dashboard within two months and service center was unhelpful.,0,Negative
REV_00486,Shocking rattling noises from dashboard within two months and service center was unhelpful.,0,Negative
REV_00701,Decent boot space for weekend luggage though three adults in the rear is a bit tight.,1,Neutral
REV_00262,The ride comfort and suspension absorption on potholes is truly best in class.,2,Positive
REV_00480,Steering feels dead vague centering and excessive body roll when cornering at speed.,0,Negative
REV_00650,Average vehicle performance adequate for daily office commute but lacks highway punch.,1,Neutral
REV_00340,Super quiet cabin NVH insulation is refined and highway mileage exceeded expectations.,2,Positive
REV_00669,Worst customer service experience dealership kept car for five days without diagnosing error.,0,Negative
REV_00552,Shocking rattling noises from dashboard within two months and service center was unhelpful.,0,Negative
REV_00459,Touchscreen freezes repeatedly reverse camera fails to display and Bluetooth disconnects.,0,Negative
REV_00184,Outstanding fuel economy and exceptionally smooth automatic transmission on highway.,2,Positive
REV_00138,Extremely harsh ride every road imperfection sends vibrations directly into the cabin spine.,0,Negative
REV_01161,Steering feels dead vague centering and excessive body roll when cornering at speed.,0,Negative
REV_00707,Fuel mileage is around 14 kmpl which is standard for a 1.2 liter petrol engine.,1,Neutral
REV_00582,Poor fit and finish uneven panel gaps water ingress in tail lamp during monsoon rain.,0,Negative
REV_00081,Repeated battery drainage issues breakdown on highway stranded with family zero roadside assist.,0,Negative
REV_00769,Cruising at triple digits is effortless stability is rock solid and steering is precise.,2,Positive
REV_00870,Shocking rattling noises from dashboard within two months and service center was unhelpful.,0,Negative
REV_00762,Terrible lag in the AMT gearbox jerky gear shifts and constant hesitation when overtaking.,0,Negative
REV_00030,Disastrous mileage barely gives 8 kmpl in city traffic company claims are completely false.,0,Negative
REV_00542,Decent boot space for weekend luggage though three adults in the rear is a bit tight.,1,Neutral
REV_00166,Outstanding fuel economy and exceptionally smooth automatic transmission on highway.,2,Positive
REV_00249,Disastrous mileage barely gives 8 kmpl in city traffic company claims are completely false.,0,Negative
REV_00308,Infotainment has basic features bluetooth works fine but screen brightness is average.,1,Neutral
REV_00448,Outstanding fuel economy and exceptionally smooth automatic transmission on highway.,2,Positive
REV_00347,The dashboard plastics are decent neither too premium nor terribly cheap.,1,Neutral
REV_00335,Styling is conventional blend in with traffic neither striking nor ugly.,1,Neutral
REV_00286,Cruising at triple digits is effortless stability is rock solid and steering is precise.,2,Positive
REV_00950,The dashboard plastics are decent neither too premium nor terribly cheap.,1,Neutral
REV_00098,Decent boot space for weekend luggage though three adults in the rear is a bit tight.,1,Neutral
REV_00468,Touchscreen freezes repeatedly reverse camera fails to display and Bluetooth disconnects.,0,Negative
REV_01037,Suspension is slightly stiff over bumps but handles straight highway roads decently.,1,Neutral
REV_00913,Spacious cabin excellent legroom and the ventilated leather seats are fantastic.,2,Positive
REV_00756,A/C cooling is ineffective takes over twenty minutes to chill cabin on sunny afternoons.,0,Negative
REV_00945,Shocking rattling noises from dashboard within two months and service center was unhelpful.,0,Negative
REV_00614,Suspension is slightly stiff over bumps but handles straight highway roads decently.,1,Neutral
REV_00802,Dealership delivered car on time with flawless customer support and transparent pricing.,2,Positive
REV_00758,Infotainment has basic features bluetooth works fine but screen brightness is average.,1,Neutral
REV_00689,The dashboard plastics are decent neither too premium nor terribly cheap.,1,Neutral
REV_00066,Worst customer service experience dealership kept car for five days without diagnosing error.,0,Negative
REV_00794,The dashboard plastics are decent neither too premium nor terribly cheap.,1,Neutral
REV_00744,Shocking rattling noises from dashboard within two months and service center was unhelpful.,0,Negative
REV_00568,Tata build quality feels sturdy solid and the 5 star crash safety gives peace of mind.,2,Positive
REV_01084,Outstanding fuel economy and exceptionally smooth automatic transmission on highway.,2,Positive
REV_01099,Cruising at triple digits is effortless stability is rock solid and steering is precise.,2,Positive
REV_00303,Terrible lag in the AMT gearbox jerky gear shifts and constant hesitation when overtaking.,0,Negative
REV_00255,Disastrous mileage barely gives 8 kmpl in city traffic company claims are completely false.,0,Negative
REV_00959,Suspension is slightly stiff over bumps but handles straight highway roads decently.,1,Neutral
REV_01024,Spacious cabin excellent legroom and the ventilated leather seats are fantastic.,2,Positive
REV_00313,Best car in the compact SUV segment superb ground clearance and commanding road presence.,2,Positive
REV_00530,Styling is conventional blend in with traffic neither striking nor ugly.,1,Neutral
REV_00222,Steering feels dead vague centering and excessive body roll when cornering at speed.,0,Negative
REV_00389,Infotainment has basic features bluetooth works fine but screen brightness is average.,1,Neutral
REV_00236,Infotainment has basic features bluetooth works fine but screen brightness is average.,1,Neutral
REV_00810,Worst customer service experience dealership kept car for five days without diagnosing error.,0,Negative
REV_00483,Extremely harsh ride every road imperfection sends vibrations directly into the cabin spine.,0,Negative
REV_00713,Average vehicle performance adequate for daily office commute but lacks highway punch.,1,Neutral
REV_00306,Terrible lag in the AMT gearbox jerky gear shifts and constant hesitation when overtaking.,0,Negative
REV_01111,Dealership delivered car on time with flawless customer support and transparent pricing.,2,Positive
REV_01090,The ride comfort and suspension absorption on potholes is truly best in class.,2,Positive
REV_00772,Infotainment screen is responsive Apple CarPlay connects seamlessly and audio is crisp.,2,Positive
REV_00917,The dashboard plastics are decent neither too premium nor terribly cheap.,1,Neutral
REV_01139,Styling is conventional blend in with traffic neither striking nor ugly.,1,Neutral
REV_00250,Outstanding fuel economy and exceptionally smooth automatic transmission on highway.,2,Positive
REV_00760,Super quiet cabin NVH insulation is refined and highway mileage exceeded expectations.,2,Positive
REV_00595,Infotainment screen is responsive Apple CarPlay connects seamlessly and audio is crisp.,2,Positive
REV_00072,Extremely harsh ride every road imperfection sends vibrations directly into the cabin spine.,0,Negative
REV_00095,Decent boot space for weekend luggage though three adults in the rear is a bit tight.,1,Neutral
REV_00546,Touchscreen freezes repeatedly reverse camera fails to display and Bluetooth disconnects.,0,Negative
REV_00034,Tata build quality feels sturdy solid and the 5 star crash safety gives peace of mind.,2,Positive
REV_00862,Cruising at triple digits is effortless stability is rock solid and steering is precise.,2,Positive
REV_00579,Steering feels dead vague centering and excessive body roll when cornering at speed.,0,Negative
REV_00449,Average vehicle performance adequate for daily office commute but lacks highway punch.,1,Neutral
REV_00446,Fuel mileage is around 14 kmpl which is standard for a 1.2 liter petrol engine.,1,Neutral
REV_00260,Fuel mileage is around 14 kmpl which is standard for a 1.2 liter petrol engine.,1,Neutral
REV_00205,Tata build quality feels sturdy solid and the 5 star crash safety gives peace of mind.,2,Positive
REV_00573,Disastrous mileage barely gives 8 kmpl in city traffic company claims are completely false.,0,Negative
REV_00824,Servicing cost was as quoted in the user manual no surprise charges but nothing special.,1,Neutral
REV_00586,Spacious cabin excellent legroom and the ventilated leather seats are fantastic.,2,Positive
REV_00366,Terrible lag in the AMT gearbox jerky gear shifts and constant hesitation when overtaking.,0,Negative
REV_00812,Cabin acoustics are okay slight wind noise above 90 kmh but manageable with music.,1,Neutral
REV_00078,Steering feels dead vague centering and excessive body roll when cornering at speed.,0,Negative
REV_00085,Cruising at triple digits is effortless stability is rock solid and steering is precise.,2,Positive
REV_00539,Styling is conventional blend in with traffic neither striking nor ugly.,1,Neutral
REV_00083,Braking bite is acceptable pedal feel is progressive under normal city driving.,1,Neutral
REV_00458,The dashboard plastics are decent neither too premium nor terribly cheap.,1,Neutral
REV_01138,Dealership delivered car on time with flawless customer support and transparent pricing.,2,Positive
REV_00615,Worst customer service experience dealership kept car for five days without diagnosing error.,0,Negative
REV_01186,Super quiet cabin NVH insulation is refined and highway mileage exceeded expectations.,2,Positive
REV_01076,Braking bite is acceptable pedal feel is progressive under normal city driving.,1,Neutral
REV_00737,Servicing cost was as quoted in the user manual no surprise charges but nothing special.,1,Neutral
REV_00437,Braking bite is acceptable pedal feel is progressive under normal city driving.,1,Neutral
REV_00555,A/C cooling is ineffective takes over twenty minutes to chill cabin on sunny afternoons.,0,Negative
REV_01080,Repeated battery drainage issues breakdown on highway stranded with family zero roadside assist.,0,Negative
REV_01062,Terrible lag in the AMT gearbox jerky gear shifts and constant hesitation when overtaking.,0,Negative
REV_00351,Repeated battery drainage issues breakdown on highway stranded with family zero roadside assist.,0,Negative
REV_00197,Infotainment has basic features bluetooth works fine but screen brightness is average.,1,Neutral
REV_00465,Worst customer service experience dealership kept car for five days without diagnosing error.,0,Negative
REV_00589,Spacious cabin excellent legroom and the ventilated leather seats are fantastic.,2,Positive
REV_00006,Worst customer service experience dealership kept car for five days without diagnosing error.,0,Negative
REV_00311,The dashboard plastics are decent neither too premium nor terribly cheap.,1,Neutral
REV_00662,Servicing cost was as quoted in the user manual no surprise charges but nothing special.,1,Neutral
REV_00405,A/C cooling is ineffective takes over twenty minutes to chill cabin on sunny afternoons.,0,Negative
REV_01196,Cabin acoustics are okay slight wind noise above 90 kmh but manageable with music.,1,Neutral
REV_01044,Steering feels dead vague centering and excessive body roll when cornering at speed.,0,Negative
REV_01058,Servicing cost was as quoted in the user manual no surprise charges but nothing special.,1,Neutral
REV_00105,Poor fit and finish uneven panel gaps water ingress in tail lamp during monsoon rain.,0,Negative
REV_00537,Steering feels dead vague centering and excessive body roll when cornering at speed.,0,Negative
REV_00606,Steering feels dead vague centering and excessive body roll when cornering at speed.,0,Negative
REV_00063,Touchscreen freezes repeatedly reverse camera fails to display and Bluetooth disconnects.,0,Negative
REV_00282,A/C cooling is ineffective takes over twenty minutes to chill cabin on sunny afternoons.,0,Negative
REV_01056,Repeated battery drainage issues breakdown on highway stranded with family zero roadside assist.,0,Negative
REV_00239,Cabin acoustics are okay slight wind noise above 90 kmh but manageable with music.,1,Neutral
REV_00224,Fuel mileage is around 14 kmpl which is standard for a 1.2 liter petrol engine.,1,Neutral
REV_00146,Average vehicle performance adequate for daily office commute but lacks highway punch.,1,Neutral
REV_01119,Poor fit and finish uneven panel gaps water ingress in tail lamp during monsoon rain.,0,Negative
REV_00374,The dashboard plastics are decent neither too premium nor terribly cheap.,1,Neutral
REV_00119,Decent boot space for weekend luggage though three adults in the rear is a bit tight.,1,Neutral
REV_00803,Servicing cost was as quoted in the user manual no surprise charges but nothing special.,1,Neutral
REV_00251,Braking bite is acceptable pedal feel is progressive under normal city driving.,1,Neutral
REV_01157,Suspension is slightly stiff over bumps but handles straight highway roads decently.,1,Neutral
REV_00010,Incredible electric acceleration instant torque and regenerative braking works flawlessly.,2,Positive
REV_00450,Shocking rattling noises from dashboard within two months and service center was unhelpful.,0,Negative
REV_00874,Outstanding fuel economy and exceptionally smooth automatic transmission on highway.,2,Positive
REV_00390,Repeated battery drainage issues breakdown on highway stranded with family zero roadside assist.,0,Negative
REV_00966,Disastrous mileage barely gives 8 kmpl in city traffic company claims are completely false.,0,Negative
REV_00461,Decent boot space for weekend luggage though three adults in the rear is a bit tight.,1,Neutral
REV_01147,The ride comfort and suspension absorption on potholes is truly best in class.,2,Positive
REV_00145,Outstanding fuel economy and exceptionally smooth automatic transmission on highway.,2,Positive
REV_00502,Outstanding fuel economy and exceptionally smooth automatic transmission on highway.,2,Positive
REV_01108,Dealership delivered car on time with flawless customer support and transparent pricing.,2,Positive
REV_00540,Terrible lag in the AMT gearbox jerky gear shifts and constant hesitation when overtaking.,0,Negative
REV_00178,The ride comfort and suspension absorption on potholes is truly best in class.,2,Positive
REV_01159,Incredible electric acceleration instant torque and regenerative braking works flawlessly.,2,Positive
REV_01051,Outstanding fuel economy and exceptionally smooth automatic transmission on highway.,2,Positive
REV_00584,Servicing cost was as quoted in the user manual no surprise charges but nothing special.,1,Neutral
REV_01195,Infotainment screen is responsive Apple CarPlay connects seamlessly and audio is crisp.,2,Positive
REV_00008,Decent boot space for weekend luggage though three adults in the rear is a bit tight.,1,Neutral
REV_00574,Cruising at triple digits is effortless stability is rock solid and steering is precise.,2,Positive
REV_00843,Repeated battery drainage issues breakdown on highway stranded with family zero roadside assist.,0,Negative
REV_00358,Super quiet cabin NVH insulation is refined and highway mileage exceeded expectations.,2,Positive
REV_00330,Steering feels dead vague centering and excessive body roll when cornering at speed.,0,Negative
REV_00705,Touchscreen freezes repeatedly reverse camera fails to display and Bluetooth disconnects.,0,Negative
REV_00830,Infotainment has basic features bluetooth works fine but screen brightness is average.,1,Neutral
REV_00259,Best car in the compact SUV segment superb ground clearance and commanding road presence.,2,Positive
REV_00891,Touchscreen freezes repeatedly reverse camera fails to display and Bluetooth disconnects.,0,Negative
REV_00834,A/C cooling is ineffective takes over twenty minutes to chill cabin on sunny afternoons.,0,Negative
REV_01188,Touchscreen freezes repeatedly reverse camera fails to display and Bluetooth disconnects.,0,Negative
REV_00905,Infotainment has basic features bluetooth works fine but screen brightness is average.,1,Neutral
REV_00526,Best car in the compact SUV segment superb ground clearance and commanding road presence.,2,Positive
REV_00814,Infotainment screen is responsive Apple CarPlay connects seamlessly and audio is crisp.,2,Positive
REV_00732,Touchscreen freezes repeatedly reverse camera fails to display and Bluetooth disconnects.,0,Negative
REV_01032,Extremely harsh ride every road imperfection sends vibrations directly into the cabin spine.,0,Negative
REV_01141,Outstanding fuel economy and exceptionally smooth automatic transmission on highway.,2,Positive
REV_00441,Repeated battery drainage issues breakdown on highway stranded with family zero roadside assist.,0,Negative
REV_00532,Super quiet cabin NVH insulation is refined and highway mileage exceeded expectations.,2,Positive
REV_00960,A/C cooling is ineffective takes over twenty minutes to chill cabin on sunny afternoons.,0,Negative
REV_00229,Super quiet cabin NVH insulation is refined and highway mileage exceeded expectations.,2,Positive
REV_01041,Steering feels dead vague centering and excessive body roll when cornering at speed.,0,Negative
REV_00213,Repeated battery drainage issues breakdown on highway stranded with family zero roadside assist.,0,Negative
REV_00080,Cabin acoustics are okay slight wind noise above 90 kmh but manageable with music.,1,Neutral
REV_00149,Suspension is slightly stiff over bumps but handles straight highway roads decently.,1,Neutral
REV_00592,Infotainment screen is responsive Apple CarPlay connects seamlessly and audio is crisp.,2,Positive
REV_00708,Shocking rattling noises from dashboard within two months and service center was unhelpful.,0,Negative
REV_00590,Infotainment has basic features bluetooth works fine but screen brightness is average.,1,Neutral
REV_00134,Servicing cost was as quoted in the user manual no surprise charges but nothing special.,1,Neutral
REV_00782,Braking bite is acceptable pedal feel is progressive under normal city driving.,1,Neutral
REV_00409,Tata build quality feels sturdy solid and the 5 star crash safety gives peace of mind.,2,Positive
REV_00970,Incredible electric acceleration instant torque and regenerative braking works flawlessly.,2,Positive
REV_00508,Outstanding fuel economy and exceptionally smooth automatic transmission on highway.,2,Positive
REV_00877,Spacious cabin excellent legroom and the ventilated leather seats are fantastic.,2,Positive
REV_00505,Best car in the compact SUV segment superb ground clearance and commanding road presence.,2,Positive
REV_00719,Infotainment has basic features bluetooth works fine but screen brightness is average.,1,Neutral
REV_00348,Repeated battery drainage issues breakdown on highway stranded with family zero roadside assist.,0,Negative
REV_00387,Extremely harsh ride every road imperfection sends vibrations directly into the cabin spine.,0,Negative
REV_00001,Dealership delivered car on time with flawless customer support and transparent pricing.,2,Positive
REV_00361,Infotainment screen is responsive Apple CarPlay connects seamlessly and audio is crisp.,2,Positive
REV_01134,A/C cooling is ineffective takes over twenty minutes to chill cabin on sunny afternoons.,0,Negative
REV_00476,Braking bite is acceptable pedal feel is progressive under normal city driving.,1,Neutral
REV_00778,Cruising at triple digits is effortless stability is rock solid and steering is precise.,2,Positive
REV_00754,Spacious cabin excellent legroom and the ventilated leather seats are fantastic.,2,Positive
REV_00173,Infotainment has basic features bluetooth works fine but screen brightness is average.,1,Neutral
REV_00451,Incredible electric acceleration instant torque and regenerative braking works flawlessly.,2,Positive
REV_00126,Disastrous mileage barely gives 8 kmpl in city traffic company claims are completely false.,0,Negative
REV_00931,Cruising at triple digits is effortless stability is rock solid and steering is precise.,2,Positive
REV_00531,Repeated battery drainage issues breakdown on highway stranded with family zero roadside assist.,0,Negative
REV_00091,Tata build quality feels sturdy solid and the 5 star crash safety gives peace of mind.,2,Positive
REV_01162,The ride comfort and suspension absorption on potholes is truly best in class.,2,Positive
REV_00182,Infotainment has basic features bluetooth works fine but screen brightness is average.,1,Neutral
REV_01027,Outstanding fuel economy and exceptionally smooth automatic transmission on highway.,2,Positive
REV_01000,Best car in the compact SUV segment superb ground clearance and commanding road presence.,2,Positive
REV_00252,Disastrous mileage barely gives 8 kmpl in city traffic company claims are completely false.,0,Negative
REV_00070,Best car in the compact SUV segment superb ground clearance and commanding road presence.,2,Positive
REV_00132,Repeated battery drainage issues breakdown on highway stranded with family zero roadside assist.,0,Negative
REV_00301,Incredible electric acceleration instant torque and regenerative braking works flawlessly.,2,Positive
REV_01133,Infotainment has basic features bluetooth works fine but screen brightness is average.,1,Neutral
REV_00327,Terrible lag in the AMT gearbox jerky gear shifts and constant hesitation when overtaking.,0,Negative
REV_01020,Extremely harsh ride every road imperfection sends vibrations directly into the cabin spine.,0,Negative
REV_00500,The dashboard plastics are decent neither too premium nor terribly cheap.,1,Neutral
REV_00666,Extremely harsh ride every road imperfection sends vibrations directly into the cabin spine.,0,Negative
REV_00919,Incredible electric acceleration instant torque and regenerative braking works flawlessly.,2,Positive
REV_00496,Outstanding fuel economy and exceptionally smooth automatic transmission on highway.,2,Positive
REV_00339,Poor fit and finish uneven panel gaps water ingress in tail lamp during monsoon rain.,0,Negative
REV_00964,Dealership delivered car on time with flawless customer support and transparent pricing.,2,Positive
REV_00165,Terrible lag in the AMT gearbox jerky gear shifts and constant hesitation when overtaking.,0,Negative
REV_00029,Decent boot space for weekend luggage though three adults in the rear is a bit tight.,1,Neutral
REV_00517,Incredible electric acceleration instant torque and regenerative braking works flawlessly.,2,Positive
REV_00194,Average vehicle performance adequate for daily office commute but lacks highway punch.,1,Neutral
REV_01104,Worst customer service experience dealership kept car for five days without diagnosing error.,0,Negative
REV_00170,Fuel mileage is around 14 kmpl which is standard for a 1.2 liter petrol engine.,1,Neutral
REV_01059,Extremely harsh ride every road imperfection sends vibrations directly into the cabin spine.,0,Negative
REV_00174,Terrible lag in the AMT gearbox jerky gear shifts and constant hesitation when overtaking.,0,Negative
REV_00519,Shocking rattling noises from dashboard within two months and service center was unhelpful.,0,Negative
REV_00969,Worst customer service experience dealership kept car for five days without diagnosing error.,0,Negative
REV_00702,A/C cooling is ineffective takes over twenty minutes to chill cabin on sunny afternoons.,0,Negative
REV_00492,Repeated battery drainage issues breakdown on highway stranded with family zero roadside assist.,0,Negative
REV_00074,Infotainment has basic features bluetooth works fine but screen brightness is average.,1,Neutral
REV_00981,Disastrous mileage barely gives 8 kmpl in city traffic company claims are completely false.,0,Negative
REV_00588,Extremely harsh ride every road imperfection sends vibrations directly into the cabin spine.,0,Negative
REV_00235,Incredible electric acceleration instant torque and regenerative braking works flawlessly.,2,Positive
REV_00215,Cabin acoustics are okay slight wind noise above 90 kmh but manageable with music.,1,Neutral
REV_00947,The dashboard plastics are decent neither too premium nor terribly cheap.,1,Neutral
REV_00133,Tata build quality feels sturdy solid and the 5 star crash safety gives peace of mind.,2,Positive
REV_01156,Dealership delivered car on time with flawless customer support and transparent pricing.,2,Positive
REV_00733,Tata build quality feels sturdy solid and the 5 star crash safety gives peace of mind.,2,Positive
REV_00941,Fuel mileage is around 14 kmpl which is standard for a 1.2 liter petrol engine.,1,Neutral
REV_00186,Touchscreen freezes repeatedly reverse camera fails to display and Bluetooth disconnects.,0,Negative
REV_00042,Touchscreen freezes repeatedly reverse camera fails to display and Bluetooth disconnects.,0,Negative
REV_00109,Spacious cabin excellent legroom and the ventilated leather seats are fantastic.,2,Positive
REV_00849,Poor fit and finish uneven panel gaps water ingress in tail lamp during monsoon rain.,0,Negative
REV_00569,Decent boot space for weekend luggage though three adults in the rear is a bit tight.,1,Neutral
REV_00651,Terrible lag in the AMT gearbox jerky gear shifts and constant hesitation when overtaking.,0,Negative
REV_01001,Average vehicle performance adequate for daily office commute but lacks highway punch.,1,Neutral
REV_01166,Styling is conventional blend in with traffic neither striking nor ugly.,1,Neutral
REV_00484,Best car in the compact SUV segment superb ground clearance and commanding road presence.,2,Positive
REV_00469,Tata build quality feels sturdy solid and the 5 star crash safety gives peace of mind.,2,Positive
REV_00025,Best car in the compact SUV segment superb ground clearance and commanding road presence.,2,Positive
REV_00661,Incredible electric acceleration instant torque and regenerative braking works flawlessly.,2,Positive
REV_00680,Braking bite is acceptable pedal feel is progressive under normal city driving.,1,Neutral
REV_00753,Worst customer service experience dealership kept car for five days without diagnosing error.,0,Negative
REV_00994,Cruising at triple digits is effortless stability is rock solid and steering is precise.,2,Positive
REV_00367,Cruising at triple digits is effortless stability is rock solid and steering is precise.,2,Positive
REV_00840,Poor fit and finish uneven panel gaps water ingress in tail lamp during monsoon rain.,0,Negative
REV_01053,A/C cooling is ineffective takes over twenty minutes to chill cabin on sunny afternoons.,0,Negative
REV_00384,Worst customer service experience dealership kept car for five days without diagnosing error.,0,Negative
REV_00455,Braking bite is acceptable pedal feel is progressive under normal city driving.,1,Neutral
REV_00265,Best car in the compact SUV segment superb ground clearance and commanding road presence.,2,Positive
REV_00761,Fuel mileage is around 14 kmpl which is standard for a 1.2 liter petrol engine.,1,Neutral
REV_00980,Infotainment has basic features bluetooth works fine but screen brightness is average.,1,Neutral
REV_00445,Cruising at triple digits is effortless stability is rock solid and steering is precise.,2,Positive
REV_00396,Terrible lag in the AMT gearbox jerky gear shifts and constant hesitation when overtaking.,0,Negative
REV_00742,Cruising at triple digits is effortless stability is rock solid and steering is precise.,2,Positive
REV_00177,Terrible lag in the AMT gearbox jerky gear shifts and constant hesitation when overtaking.,0,Negative
REV_00019,Spacious cabin excellent legroom and the ventilated leather seats are fantastic.,2,Positive
REV_00949,Spacious cabin excellent legroom and the ventilated leather seats are fantastic.,2,Positive
REV_00815,Servicing cost was as quoted in the user manual no surprise charges but nothing special.,1,Neutral
REV_00596,Cabin acoustics are okay slight wind noise above 90 kmh but manageable with music.,1,Neutral
REV_00062,Servicing cost was as quoted in the user manual no surprise charges but nothing special.,1,Neutral
REV_00273,Poor fit and finish uneven panel gaps water ingress in tail lamp during monsoon rain.,0,Negative
REV_01126,Cruising at triple digits is effortless stability is rock solid and steering is precise.,2,Positive
REV_00279,A/C cooling is ineffective takes over twenty minutes to chill cabin on sunny afternoons.,0,Negative
REV_00842,Cabin acoustics are okay slight wind noise above 90 kmh but manageable with music.,1,Neutral
REV_00369,Extremely harsh ride every road imperfection sends vibrations directly into the cabin spine.,0,Negative
REV_00887,Decent boot space for weekend luggage though three adults in the rear is a bit tight.,1,Neutral
REV_01015,Cruising at triple digits is effortless stability is rock solid and steering is precise.,2,Positive
REV_00860,Cabin acoustics are okay slight wind noise above 90 kmh but manageable with music.,1,Neutral
REV_00721,Super quiet cabin NVH insulation is refined and highway mileage exceeded expectations.,2,Positive
REV_00826,Super quiet cabin NVH insulation is refined and highway mileage exceeded expectations.,2,Positive
REV_00548,Fuel mileage is around 14 kmpl which is standard for a 1.2 liter petrol engine.,1,Neutral
REV_00880,Tata build quality feels sturdy solid and the 5 star crash safety gives peace of mind.,2,Positive
REV_00900,Repeated battery drainage issues breakdown on highway stranded with family zero roadside assist.,0,Negative
REV_00457,The ride comfort and suspension absorption on potholes is truly best in class.,2,Positive
REV_00394,Super quiet cabin NVH insulation is refined and highway mileage exceeded expectations.,2,Positive
REV_00676,Tata build quality feels sturdy solid and the 5 star crash safety gives peace of mind.,2,Positive
REV_00912,Poor fit and finish uneven panel gaps water ingress in tail lamp during monsoon rain.,0,Negative
REV_00965,Average vehicle performance adequate for daily office commute but lacks highway punch.,1,Neutral
REV_00376,Cruising at triple digits is effortless stability is rock solid and steering is precise.,2,Positive
REV_00413,Infotainment has basic features bluetooth works fine but screen brightness is average.,1,Neutral
REV_00075,Poor fit and finish uneven panel gaps water ingress in tail lamp during monsoon rain.,0,Negative
REV_01122,Extremely harsh ride every road imperfection sends vibrations directly into the cabin spine.,0,Negative
REV_00863,Styling is conventional blend in with traffic neither striking nor ugly.,1,Neutral
REV_00501,Steering feels dead vague centering and excessive body roll when cornering at speed.,0,Negative
REV_00942,Extremely harsh ride every road imperfection sends vibrations directly into the cabin spine.,0,Negative
REV_00617,Styling is conventional blend in with traffic neither striking nor ugly.,1,Neutral
REV_00115,Outstanding fuel economy and exceptionally smooth automatic transmission on highway.,2,Positive
REV_00418,Super quiet cabin NVH insulation is refined and highway mileage exceeded expectations.,2,Positive
REV_00602,Servicing cost was as quoted in the user manual no surprise charges but nothing special.,1,Neutral
REV_00605,Decent boot space for weekend luggage though three adults in the rear is a bit tight.,1,Neutral
REV_00090,Shocking rattling noises from dashboard within two months and service center was unhelpful.,0,Negative
REV_01149,Terrible lag in the AMT gearbox jerky gear shifts and constant hesitation when overtaking.,0,Negative
REV_00499,Best car in the compact SUV segment superb ground clearance and commanding road presence.,2,Positive
REV_00876,Worst customer service experience dealership kept car for five days without diagnosing error.,0,Negative
REV_00927,Touchscreen freezes repeatedly reverse camera fails to display and Bluetooth disconnects.,0,Negative
REV_00999,Touchscreen freezes repeatedly reverse camera fails to display and Bluetooth disconnects.,0,Negative
REV_00012,Poor fit and finish uneven panel gaps water ingress in tail lamp during monsoon rain.,0,Negative
REV_00397,The ride comfort and suspension absorption on potholes is truly best in class.,2,Positive
REV_00755,Infotainment has basic features bluetooth works fine but screen brightness is average.,1,Neutral
REV_00556,Infotainment screen is responsive Apple CarPlay connects seamlessly and audio is crisp.,2,Positive
REV_00043,Super quiet cabin NVH insulation is refined and highway mileage exceeded expectations.,2,Positive
REV_00168,Disastrous mileage barely gives 8 kmpl in city traffic company claims are completely false.,0,Negative
REV_00417,Worst customer service experience dealership kept car for five days without diagnosing error.,0,Negative
REV_00577,Outstanding fuel economy and exceptionally smooth automatic transmission on highway.,2,Positive
REV_00268,Infotainment screen is responsive Apple CarPlay connects seamlessly and audio is crisp.,2,Positive
REV_00808,Best car in the compact SUV segment superb ground clearance and commanding road presence.,2,Positive
REV_00427,Spacious cabin excellent legroom and the ventilated leather seats are fantastic.,2,Positive
REV_00691,Outstanding fuel economy and exceptionally smooth automatic transmission on highway.,2,Positive
REV_00545,Cabin acoustics are okay slight wind noise above 90 kmh but manageable with music.,1,Neutral
REV_01123,Tata build quality feels sturdy solid and the 5 star crash safety gives peace of mind.,2,Positive
REV_00675,Terrible lag in the AMT gearbox jerky gear shifts and constant hesitation when overtaking.,0,Negative
REV_00690,Touchscreen freezes repeatedly reverse camera fails to display and Bluetooth disconnects.,0,Negative
REV_01055,Cabin acoustics are okay slight wind noise above 90 kmh but manageable with music.,1,Neutral
REV_01177,Best car in the compact SUV segment superb ground clearance and commanding road presence.,2,Positive
REV_01033,Best car in the compact SUV segment superb ground clearance and commanding road presence.,2,Positive
REV_01035,Steering feels dead vague centering and excessive body roll when cornering at speed.,0,Negative
REV_00258,Shocking rattling noises from dashboard within two months and service center was unhelpful.,0,Negative
REV_00336,Shocking rattling noises from dashboard within two months and service center was unhelpful.,0,Negative
REV_00016,Incredible electric acceleration instant torque and regenerative braking works flawlessly.,2,Positive
REV_00902,Average vehicle performance adequate for daily office commute but lacks highway punch.,1,Neutral
REV_00325,The ride comfort and suspension absorption on potholes is truly best in class.,2,Positive
REV_00608,Braking bite is acceptable pedal feel is progressive under normal city driving.,1,Neutral
REV_01054,Cruising at triple digits is effortless stability is rock solid and steering is precise.,2,Positive
REV_00791,Styling is conventional blend in with traffic neither striking nor ugly.,1,Neutral
REV_00223,Best car in the compact SUV segment superb ground clearance and commanding road presence.,2,Positive
REV_00180,A/C cooling is ineffective takes over twenty minutes to chill cabin on sunny afternoons.,0,Negative
REV_00100,Cruising at triple digits is effortless stability is rock solid and steering is precise.,2,Positive
REV_00522,Extremely harsh ride every road imperfection sends vibrations directly into the cabin spine.,0,Negative
REV_00023,Styling is conventional blend in with traffic neither striking nor ugly.,1,Neutral
REV_00357,Worst customer service experience dealership kept car for five days without diagnosing error.,0,Negative
REV_00734,Cabin acoustics are okay slight wind noise above 90 kmh but manageable with music.,1,Neutral
REV_01094,Fuel mileage is around 14 kmpl which is standard for a 1.2 liter petrol engine.,1,Neutral
REV_01112,Braking bite is acceptable pedal feel is progressive under normal city driving.,1,Neutral
REV_00612,Poor fit and finish uneven panel gaps water ingress in tail lamp during monsoon rain.,0,Negative
REV_01010,Average vehicle performance adequate for daily office commute but lacks highway punch.,1,Neutral
REV_00341,Decent boot space for weekend luggage though three adults in the rear is a bit tight.,1,Neutral
REV_00432,Worst customer service experience dealership kept car for five days without diagnosing error.,0,Negative
REV_00962,Average vehicle performance adequate for daily office commute but lacks highway punch.,1,Neutral
REV_00218,Decent boot space for weekend luggage though three adults in the rear is a bit tight.,1,Neutral
REV_00204,A/C cooling is ineffective takes over twenty minutes to chill cabin on sunny afternoons.,0,Negative
REV_00906,Poor fit and finish uneven panel gaps water ingress in tail lamp during monsoon rain.,0,Negative
REV_00923,Suspension is slightly stiff over bumps but handles straight highway roads decently.,1,Neutral
REV_00094,Super quiet cabin NVH insulation is refined and highway mileage exceeded expectations.,2,Positive
REV_00911,Average vehicle performance adequate for daily office commute but lacks highway punch.,1,Neutral
REV_00069,Repeated battery drainage issues breakdown on highway stranded with family zero roadside assist.,0,Negative
REV_00895,Best car in the compact SUV segment superb ground clearance and commanding road presence.,2,Positive
REV_00285,A/C cooling is ineffective takes over twenty minutes to chill cabin on sunny afternoons.,0,Negative
REV_00697,Incredible electric acceleration instant torque and regenerative braking works flawlessly.,2,Positive
REV_00086,Braking bite is acceptable pedal feel is progressive under normal city driving.,1,Neutral
REV_00435,Worst customer service experience dealership kept car for five days without diagnosing error.,0,Negative
REV_00797,Infotainment has basic features bluetooth works fine but screen brightness is average.,1,Neutral
REV_00154,Cruising at triple digits is effortless stability is rock solid and steering is precise.,2,Positive
REV_00076,Super quiet cabin NVH insulation is refined and highway mileage exceeded expectations.,2,Positive
REV_01043,Suspension is slightly stiff over bumps but handles straight highway roads decently.,1,Neutral
REV_00581,Cabin acoustics are okay slight wind noise above 90 kmh but manageable with music.,1,Neutral
REV_00447,Shocking rattling noises from dashboard within two months and service center was unhelpful.,0,Negative
REV_00704,Servicing cost was as quoted in the user manual no surprise charges but nothing special.,1,Neutral
REV_00189,A/C cooling is ineffective takes over twenty minutes to chill cabin on sunny afternoons.,0,Negative
REV_00272,Braking bite is acceptable pedal feel is progressive under normal city driving.,1,Neutral
REV_00237,Repeated battery drainage issues breakdown on highway stranded with family zero roadside assist.,0,Negative
REV_00488,The dashboard plastics are decent neither too premium nor terribly cheap.,1,Neutral
REV_01160,Servicing cost was as quoted in the user manual no surprise charges but nothing special.,1,Neutral
REV_00560,Suspension is slightly stiff over bumps but handles straight highway roads decently.,1,Neutral
REV_00118,Dealership delivered car on time with flawless customer support and transparent pricing.,2,Positive
REV_00638,Infotainment has basic features bluetooth works fine but screen brightness is average.,1,Neutral
REV_01128,Shocking rattling noises from dashboard within two months and service center was unhelpful.,0,Negative
REV_00751,Incredible electric acceleration instant torque and regenerative braking works flawlessly.,2,Positive
REV_00513,Repeated battery drainage issues breakdown on highway stranded with family zero roadside assist.,0,Negative
REV_00634,The ride comfort and suspension absorption on potholes is truly best in class.,2,Positive
REV_00786,Shocking rattling noises from dashboard within two months and service center was unhelpful.,0,Negative
REV_01007,Infotainment has basic features bluetooth works fine but screen brightness is average.,1,Neutral
REV_00853,Infotainment screen is responsive Apple CarPlay connects seamlessly and audio is crisp.,2,Positive
REV_00127,Infotainment screen is responsive Apple CarPlay connects seamlessly and audio is crisp.,2,Positive
REV_00117,Worst customer service experience dealership kept car for five days without diagnosing error.,0,Negative
REV_00474,Extremely harsh ride every road imperfection sends vibrations directly into the cabin spine.,0,Negative
REV_00741,Disastrous mileage barely gives 8 kmpl in city traffic company claims are completely false.,0,Negative
REV_00993,A/C cooling is ineffective takes over twenty minutes to chill cabin on sunny afternoons.,0,Negative
REV_00058,Spacious cabin excellent legroom and the ventilated leather seats are fantastic.,2,Positive
REV_00604,Tata build quality feels sturdy solid and the 5 star crash safety gives peace of mind.,2,Positive
REV_00787,Dealership delivered car on time with flawless customer support and transparent pricing.,2,Positive
REV_00971,Styling is conventional blend in with traffic neither striking nor ugly.,1,Neutral
REV_00657,Repeated battery drainage issues breakdown on highway stranded with family zero roadside assist.,0,Negative
REV_00903,Extremely harsh ride every road imperfection sends vibrations directly into the cabin spine.,0,Negative
REV_00922,Super quiet cabin NVH insulation is refined and highway mileage exceeded expectations.,2,Positive
REV_00106,Incredible electric acceleration instant torque and regenerative braking works flawlessly.,2,Positive
REV_00636,Poor fit and finish uneven panel gaps water ingress in tail lamp during monsoon rain.,0,Negative
REV_00370,Dealership delivered car on time with flawless customer support and transparent pricing.,2,Positive
REV_00269,Average vehicle performance adequate for daily office commute but lacks highway punch.,1,Neutral
REV_00656,Infotainment has basic features bluetooth works fine but screen brightness is average.,1,Neutral
REV_00047,Fuel mileage is around 14 kmpl which is standard for a 1.2 liter petrol engine.,1,Neutral
REV_00350,Fuel mileage is around 14 kmpl which is standard for a 1.2 liter petrol engine.,1,Neutral
REV_00774,Poor fit and finish uneven panel gaps water ingress in tail lamp during monsoon rain.,0,Negative
REV_00196,Cruising at triple digits is effortless stability is rock solid and steering is precise.,2,Positive
REV_00103,Dealership delivered car on time with flawless customer support and transparent pricing.,2,Positive
REV_00005,Decent boot space for weekend luggage though three adults in the rear is a bit tight.,1,Neutral
REV_00620,Cabin acoustics are okay slight wind noise above 90 kmh but manageable with music.,1,Neutral
REV_00991,Cruising at triple digits is effortless stability is rock solid and steering is precise.,2,Positive
REV_00053,Suspension is slightly stiff over bumps but handles straight highway roads decently.,1,Neutral
REV_00264,Shocking rattling noises from dashboard within two months and service center was unhelpful.,0,Negative
REV_01093,Outstanding fuel economy and exceptionally smooth automatic transmission on highway.,2,Positive
REV_00444,Disastrous mileage barely gives 8 kmpl in city traffic company claims are completely false.,0,Negative
REV_00972,Terrible lag in the AMT gearbox jerky gear shifts and constant hesitation when overtaking.,0,Negative
REV_00783,Touchscreen freezes repeatedly reverse camera fails to display and Bluetooth disconnects.,0,Negative
REV_00847,Incredible electric acceleration instant torque and regenerative braking works flawlessly.,2,Positive
REV_00692,Servicing cost was as quoted in the user manual no surprise charges but nothing special.,1,Neutral
REV_00305,The dashboard plastics are decent neither too premium nor terribly cheap.,1,Neutral
REV_00342,Steering feels dead vague centering and excessive body roll when cornering at speed.,0,Negative
REV_00867,Worst customer service experience dealership kept car for five days without diagnosing error.,0,Negative
REV_00314,Styling is conventional blend in with traffic neither striking nor ugly.,1,Neutral
REV_00150,Steering feels dead vague centering and excessive body roll when cornering at speed.,0,Negative
REV_00125,Average vehicle performance adequate for daily office commute but lacks highway punch.,1,Neutral
REV_01063,Spacious cabin excellent legroom and the ventilated leather seats are fantastic.,2,Positive
REV_00575,Cabin acoustics are okay slight wind noise above 90 kmh but manageable with music.,1,Neutral
REV_00698,Infotainment has basic features bluetooth works fine but screen brightness is average.,1,Neutral
REV_00665,Decent boot space for weekend luggage though three adults in the rear is a bit tight.,1,Neutral
REV_00051,Shocking rattling noises from dashboard within two months and service center was unhelpful.,0,Negative
REV_00727,Cruising at triple digits is effortless stability is rock solid and steering is precise.,2,Positive
REV_00800,Cabin acoustics are okay slight wind noise above 90 kmh but manageable with music.,1,Neutral
REV_00354,Steering feels dead vague centering and excessive body roll when cornering at speed.,0,Negative
REV_01153,The ride comfort and suspension absorption on potholes is truly best in class.,2,Positive
REV_00143,Cabin acoustics are okay slight wind noise above 90 kmh but manageable with music.,1,Neutral
REV_00471,Repeated battery drainage issues breakdown on highway stranded with family zero roadside assist.,0,Negative
REV_00654,Shocking rattling noises from dashboard within two months and service center was unhelpful.,0,Negative
REV_00400,Cruising at triple digits is effortless stability is rock solid and steering is precise.,2,Positive
REV_01154,The dashboard plastics are decent neither too premium nor terribly cheap.,1,Neutral
REV_00938,Average vehicle performance adequate for daily office commute but lacks highway punch.,1,Neutral
REV_00321,A/C cooling is ineffective takes over twenty minutes to chill cabin on sunny afternoons.,0,Negative
REV_00020,Fuel mileage is around 14 kmpl which is standard for a 1.2 liter petrol engine.,1,Neutral
REV_00685,Super quiet cabin NVH insulation is refined and highway mileage exceeded expectations.,2,Positive
REV_00036,Extremely harsh ride every road imperfection sends vibrations directly into the cabin spine.,0,Negative
REV_00825,Disastrous mileage barely gives 8 kmpl in city traffic company claims are completely false.,0,Negative
REV_00506,Servicing cost was as quoted in the user manual no surprise charges but nothing special.,1,Neutral
REV_00828,Poor fit and finish uneven panel gaps water ingress in tail lamp during monsoon rain.,0,Negative
REV_01071,Steering feels dead vague centering and excessive body roll when cornering at speed.,0,Negative
REV_00408,Worst customer service experience dealership kept car for five days without diagnosing error.,0,Negative
REV_00818,Braking bite is acceptable pedal feel is progressive under normal city driving.,1,Neutral
REV_00538,Super quiet cabin NVH insulation is refined and highway mileage exceeded expectations.,2,Positive
REV_00759,Steering feels dead vague centering and excessive body roll when cornering at speed.,0,Negative
REV_01069,Outstanding fuel economy and exceptionally smooth automatic transmission on highway.,2,Positive
REV_00893,Average vehicle performance adequate for daily office commute but lacks highway punch.,1,Neutral
REV_00039,Touchscreen freezes repeatedly reverse camera fails to display and Bluetooth disconnects.,0,Negative
REV_00176,Average vehicle performance adequate for daily office commute but lacks highway punch.,1,Neutral
REV_00246,Poor fit and finish uneven panel gaps water ingress in tail lamp during monsoon rain.,0,Negative
REV_00811,Tata build quality feels sturdy solid and the 5 star crash safety gives peace of mind.,2,Positive
REV_01085,Braking bite is acceptable pedal feel is progressive under normal city driving.,1,Neutral
REV_01078,Dealership delivered car on time with flawless customer support and transparent pricing.,2,Positive
REV_00785,Braking bite is acceptable pedal feel is progressive under normal city driving.,1,Neutral
REV_01185,Disastrous mileage barely gives 8 kmpl in city traffic company claims are completely false.,0,Negative
REV_00490,The ride comfort and suspension absorption on potholes is truly best in class.,2,Positive
REV_00155,Cabin acoustics are okay slight wind noise above 90 kmh but manageable with music.,1,Neutral
REV_00639,Repeated battery drainage issues breakdown on highway stranded with family zero roadside assist.,0,Negative
REV_00663,Shocking rattling noises from dashboard within two months and service center was unhelpful.,0,Negative
REV_00854,Servicing cost was as quoted in the user manual no surprise charges but nothing special.,1,Neutral
REV_00288,Extremely harsh ride every road imperfection sends vibrations directly into the cabin spine.,0,Negative
REV_00626,Infotainment has basic features bluetooth works fine but screen brightness is average.,1,Neutral
REV_01200,Extremely harsh ride every road imperfection sends vibrations directly into the cabin spine.,0,Negative
REV_00686,Fuel mileage is around 14 kmpl which is standard for a 1.2 liter petrol engine.,1,Neutral
REV_00873,Disastrous mileage barely gives 8 kmpl in city traffic company claims are completely false.,0,Negative
REV_00570,Shocking rattling noises from dashboard within two months and service center was unhelpful.,0,Negative
REV_01144,Tata build quality feels sturdy solid and the 5 star crash safety gives peace of mind.,2,Positive
REV_00735,Repeated battery drainage issues breakdown on highway stranded with family zero roadside assist.,0,Negative
REV_00793,Tata build quality feels sturdy solid and the 5 star crash safety gives peace of mind.,2,Positive
REV_00018,Poor fit and finish uneven panel gaps water ingress in tail lamp during monsoon rain.,0,Negative
REV_00128,Infotainment has basic features bluetooth works fine but screen brightness is average.,1,Neutral
REV_00323,Fuel mileage is around 14 kmpl which is standard for a 1.2 liter petrol engine.,1,Neutral
REV_00256,Tata build quality feels sturdy solid and the 5 star crash safety gives peace of mind.,2,Positive
REV_00944,Braking bite is acceptable pedal feel is progressive under normal city driving.,1,Neutral
REV_01180,Best car in the compact SUV segment superb ground clearance and commanding road presence.,2,Positive
REV_00191,Suspension is slightly stiff over bumps but handles straight highway roads decently.,1,Neutral
REV_00116,Infotainment has basic features bluetooth works fine but screen brightness is average.,1,Neutral
REV_01174,The ride comfort and suspension absorption on potholes is truly best in class.,2,Positive
REV_00889,The ride comfort and suspension absorption on potholes is truly best in class.,2,Positive
REV_00607,Super quiet cabin NVH insulation is refined and highway mileage exceeded expectations.,2,Positive
REV_00181,Dealership delivered car on time with flawless customer support and transparent pricing.,2,Positive
REV_00302,Braking bite is acceptable pedal feel is progressive under normal city driving.,1,Neutral
REV_00497,Decent boot space for weekend luggage though three adults in the rear is a bit tight.,1,Neutral
REV_00349,The ride comfort and suspension absorption on potholes is truly best in class.,2,Positive
REV_01036,Super quiet cabin NVH insulation is refined and highway mileage exceeded expectations.,2,Positive
REV_00983,The dashboard plastics are decent neither too premium nor terribly cheap.,1,Neutral
REV_00745,Tata build quality feels sturdy solid and the 5 star crash safety gives peace of mind.,2,Positive
REV_01152,Worst customer service experience dealership kept car for five days without diagnosing error.,0,Negative
REV_00518,Infotainment has basic features bluetooth works fine but screen brightness is average.,1,Neutral
REV_00373,Infotainment screen is responsive Apple CarPlay connects seamlessly and audio is crisp.,2,Positive
REV_00046,Incredible electric acceleration instant torque and regenerative braking works flawlessly.,2,Positive
REV_00477,Disastrous mileage barely gives 8 kmpl in city traffic company claims are completely false.,0,Negative
REV_00158,The dashboard plastics are decent neither too premium nor terribly cheap.,1,Neutral
REV_01047,Touchscreen freezes repeatedly reverse camera fails to display and Bluetooth disconnects.,0,Negative
REV_00172,Outstanding fuel economy and exceptionally smooth automatic transmission on highway.,2,Positive
REV_00017,Fuel mileage is around 14 kmpl which is standard for a 1.2 liter petrol engine.,1,Neutral
REV_00512,Cabin acoustics are okay slight wind noise above 90 kmh but manageable with music.,1,Neutral
REV_00049,Dealership delivered car on time with flawless customer support and transparent pricing.,2,Positive
REV_00192,Repeated battery drainage issues breakdown on highway stranded with family zero roadside assist.,0,Negative
REV_00547,Super quiet cabin NVH insulation is refined and highway mileage exceeded expectations.,2,Positive
REV_00516,Worst customer service experience dealership kept car for five days without diagnosing error.,0,Negative
REV_00978,Poor fit and finish uneven panel gaps water ingress in tail lamp during monsoon rain.,0,Negative
REV_00939,Terrible lag in the AMT gearbox jerky gear shifts and constant hesitation when overtaking.,0,Negative
REV_00829,Spacious cabin excellent legroom and the ventilated leather seats are fantastic.,2,Positive
REV_00984,Shocking rattling noises from dashboard within two months and service center was unhelpful.,0,Negative
REV_00481,Infotainment screen is responsive Apple CarPlay connects seamlessly and audio is crisp.,2,Positive
REV_01129,Cruising at triple digits is effortless stability is rock solid and steering is precise.,2,Positive
REV_00284,The dashboard plastics are decent neither too premium nor terribly cheap.,1,Neutral
REV_01030,Tata build quality feels sturdy solid and the 5 star crash safety gives peace of mind.,2,Positive
REV_00798,Worst customer service experience dealership kept car for five days without diagnosing error.,0,Negative
REV_00940,Dealership delivered car on time with flawless customer support and transparent pricing.,2,Positive
REV_00226,Super quiet cabin NVH insulation is refined and highway mileage exceeded expectations.,2,Positive
REV_00027,Worst customer service experience dealership kept car for five days without diagnosing error.,0,Negative
REV_00283,Spacious cabin excellent legroom and the ventilated leather seats are fantastic.,2,Positive
REV_01150,Incredible electric acceleration instant torque and regenerative braking works flawlessly.,2,Positive
REV_00438,Extremely harsh ride every road imperfection sends vibrations directly into the cabin spine.,0,Negative
REV_01168,Cruising at triple digits is effortless stability is rock solid and steering is precise.,2,Positive
REV_00365,Infotainment has basic features bluetooth works fine but screen brightness is average.,1,Neutral
REV_00230,Cabin acoustics are okay slight wind noise above 90 kmh but manageable with music.,1,Neutral
REV_00038,Decent boot space for weekend luggage though three adults in the rear is a bit tight.,1,Neutral
REV_00670,Super quiet cabin NVH insulation is refined and highway mileage exceeded expectations.,2,Positive
REV_00750,Extremely harsh ride every road imperfection sends vibrations directly into the cabin spine.,0,Negative
REV_01181,Decent boot space for weekend luggage though three adults in the rear is a bit tight.,1,Neutral
REV_00375,Repeated battery drainage issues breakdown on highway stranded with family zero roadside assist.,0,Negative
REV_00470,Cabin acoustics are okay slight wind noise above 90 kmh but manageable with music.,1,Neutral
REV_00883,The ride comfort and suspension absorption on potholes is truly best in class.,2,Positive
REV_01182,Steering feels dead vague centering and excessive body roll when cornering at speed.,0,Negative
REV_00688,Spacious cabin excellent legroom and the ventilated leather seats are fantastic.,2,Positive
REV_00033,Extremely harsh ride every road imperfection sends vibrations directly into the cabin spine.,0,Negative
REV_01011,Worst customer service experience dealership kept car for five days without diagnosing error.,0,Negative
REV_01176,Terrible lag in the AMT gearbox jerky gear shifts and constant hesitation when overtaking.,0,Negative
REV_00195,A/C cooling is ineffective takes over twenty minutes to chill cabin on sunny afternoons.,0,Negative
REV_01106,Fuel mileage is around 14 kmpl which is standard for a 1.2 liter petrol engine.,1,Neutral
REV_01114,Best car in the compact SUV segment superb ground clearance and commanding road presence.,2,Positive
REV_01064,Styling is conventional blend in with traffic neither striking nor ugly.,1,Neutral
REV_00504,Disastrous mileage barely gives 8 kmpl in city traffic company claims are completely false.,0,Negative
REV_00916,Incredible electric acceleration instant torque and regenerative braking works flawlessly.,2,Positive
REV_00977,Suspension is slightly stiff over bumps but handles straight highway roads decently.,1,Neutral
REV_01183,Spacious cabin excellent legroom and the ventilated leather seats are fantastic.,2,Positive
REV_01088,Average vehicle performance adequate for daily office commute but lacks highway punch.,1,Neutral
REV_00801,Terrible lag in the AMT gearbox jerky gear shifts and constant hesitation when overtaking.,0,Negative
REV_00580,Outstanding fuel economy and exceptionally smooth automatic transmission on highway.,2,Positive
REV_00161,Servicing cost was as quoted in the user manual no surprise charges but nothing special.,1,Neutral
REV_00681,Touchscreen freezes repeatedly reverse camera fails to display and Bluetooth disconnects.,0,Negative
REV_01198,The ride comfort and suspension absorption on potholes is truly best in class.,2,Positive
REV_00163,Best car in the compact SUV segment superb ground clearance and commanding road presence.,2,Positive
REV_00822,Steering feels dead vague centering and excessive body roll when cornering at speed.,0,Negative
REV_00706,The ride comfort and suspension absorption on potholes is truly best in class.,2,Positive
REV_01009,Super quiet cabin NVH insulation is refined and highway mileage exceeded expectations.,2,Positive
REV_00878,Infotainment has basic features bluetooth works fine but screen brightness is average.,1,Neutral
REV_00896,Average vehicle performance adequate for daily office commute but lacks highway punch.,1,Neutral
REV_00914,Braking bite is acceptable pedal feel is progressive under normal city driving.,1,Neutral
REV_01199,Average vehicle performance adequate for daily office commute but lacks highway punch.,1,Neutral
REV_00153,A/C cooling is ineffective takes over twenty minutes to chill cabin on sunny afternoons.,0,Negative
REV_00979,Cruising at triple digits is effortless stability is rock solid and steering is precise.,2,Positive
REV_01003,Infotainment screen is responsive Apple CarPlay connects seamlessly and audio is crisp.,2,Positive
REV_00510,Steering feels dead vague centering and excessive body roll when cornering at speed.,0,Negative
REV_00112,Tata build quality feels sturdy solid and the 5 star crash safety gives peace of mind.,2,Positive
REV_00227,The dashboard plastics are decent neither too premium nor terribly cheap.,1,Neutral
REV_00986,Suspension is slightly stiff over bumps but handles straight highway roads decently.,1,Neutral
REV_00852,Disastrous mileage barely gives 8 kmpl in city traffic company claims are completely false.,0,Negative
REV_00104,Decent boot space for weekend luggage though three adults in the rear is a bit tight.,1,Neutral
REV_00422,Average vehicle performance adequate for daily office commute but lacks highway punch.,1,Neutral
REV_00420,Repeated battery drainage issues breakdown on highway stranded with family zero roadside assist.,0,Negative
REV_00625,Outstanding fuel economy and exceptionally smooth automatic transmission on highway.,2,Positive
REV_00587,Styling is conventional blend in with traffic neither striking nor ugly.,1,Neutral
REV_01061,Average vehicle performance adequate for daily office commute but lacks highway punch.,1,Neutral
REV_00920,Infotainment has basic features bluetooth works fine but screen brightness is average.,1,Neutral
REV_00673,Incredible electric acceleration instant torque and regenerative braking works flawlessly.,2,Positive
REV_00120,Steering feels dead vague centering and excessive body roll when cornering at speed.,0,Negative
REV_00054,Touchscreen freezes repeatedly reverse camera fails to display and Bluetooth disconnects.,0,Negative
REV_00152,Decent boot space for weekend luggage though three adults in the rear is a bit tight.,1,Neutral
REV_00404,Infotainment has basic features bluetooth works fine but screen brightness is average.,1,Neutral
REV_01189,Dealership delivered car on time with flawless customer support and transparent pricing.,2,Positive
REV_00208,Tata build quality feels sturdy solid and the 5 star crash safety gives peace of mind.,2,Positive
REV_01135,Incredible electric acceleration instant torque and regenerative braking works flawlessly.,2,Positive
REV_00659,Average vehicle performance adequate for daily office commute but lacks highway punch.,1,Neutral
REV_01097,Suspension is slightly stiff over bumps but handles straight highway roads decently.,1,Neutral
REV_00233,Fuel mileage is around 14 kmpl which is standard for a 1.2 liter petrol engine.,1,Neutral
REV_00009,Poor fit and finish uneven panel gaps water ingress in tail lamp during monsoon rain.,0,Negative
REV_00160,Cruising at triple digits is effortless stability is rock solid and steering is precise.,2,Positive
REV_00037,Best car in the compact SUV segment superb ground clearance and commanding road presence.,2,Positive
REV_00453,Terrible lag in the AMT gearbox jerky gear shifts and constant hesitation when overtaking.,0,Negative
REV_00652,The ride comfort and suspension absorption on potholes is truly best in class.,2,Positive
REV_00254,Braking bite is acceptable pedal feel is progressive under normal city driving.,1,Neutral
REV_00304,Incredible electric acceleration instant torque and regenerative braking works flawlessly.,2,Positive
REV_00897,Steering feels dead vague centering and excessive body roll when cornering at speed.,0,Negative
REV_01049,Fuel mileage is around 14 kmpl which is standard for a 1.2 liter petrol engine.,1,Neutral
REV_00881,Average vehicle performance adequate for daily office commute but lacks highway punch.,1,Neutral
REV_00572,Styling is conventional blend in with traffic neither striking nor ugly.,1,Neutral
REV_00624,Steering feels dead vague centering and excessive body roll when cornering at speed.,0,Negative
REV_01145,The dashboard plastics are decent neither too premium nor terribly cheap.,1,Neutral
REV_01031,Braking bite is acceptable pedal feel is progressive under normal city driving.,1,Neutral
REV_01146,Disastrous mileage barely gives 8 kmpl in city traffic company claims are completely false.,0,Negative
REV_00263,Servicing cost was as quoted in the user manual no surprise charges but nothing special.,1,Neutral
REV_00611,Infotainment has basic features bluetooth works fine but screen brightness is average.,1,Neutral
REV_00298,Spacious cabin excellent legroom and the ventilated leather seats are fantastic.,2,Positive
REV_00990,Worst customer service experience dealership kept car for five days without diagnosing error.,0,Negative
REV_00415,Infotainment screen is responsive Apple CarPlay connects seamlessly and audio is crisp.,2,Positive
REV_00151,Tata build quality feels sturdy solid and the 5 star crash safety gives peace of mind.,2,Positive
REV_00946,Dealership delivered car on time with flawless customer support and transparent pricing.,2,Positive
REV_00473,Styling is conventional blend in with traffic neither striking nor ugly.,1,Neutral
REV_00953,Braking bite is acceptable pedal feel is progressive under normal city driving.,1,Neutral
REV_00988,Incredible electric acceleration instant torque and regenerative braking works flawlessly.,2,Positive
REV_00779,Servicing cost was as quoted in the user manual no surprise charges but nothing special.,1,Neutral
REV_00641,Average vehicle performance adequate for daily office commute but lacks highway punch.,1,Neutral
REV_01190,Infotainment has basic features bluetooth works fine but screen brightness is average.,1,Neutral
REV_01143,Extremely harsh ride every road imperfection sends vibrations directly into the cabin spine.,0,Negative
REV_00551,Servicing cost was as quoted in the user manual no surprise charges but nothing special.,1,Neutral
REV_00640,Cruising at triple digits is effortless stability is rock solid and steering is precise.,2,Positive
REV_00936,Terrible lag in the AMT gearbox jerky gear shifts and constant hesitation when overtaking.,0,Negative
REV_00929,Braking bite is acceptable pedal feel is progressive under normal city driving.,1,Neutral
REV_00489,Disastrous mileage barely gives 8 kmpl in city traffic company claims are completely false.,0,Negative
REV_00820,Tata build quality feels sturdy solid and the 5 star crash safety gives peace of mind.,2,Positive
REV_00711,Steering feels dead vague centering and excessive body roll when cornering at speed.,0,Negative
REV_01081,Tata build quality feels sturdy solid and the 5 star crash safety gives peace of mind.,2,Positive
REV_00148,Best car in the compact SUV segment superb ground clearance and commanding road presence.,2,Positive
REV_00147,Steering feels dead vague centering and excessive body roll when cornering at speed.,0,Negative
REV_01175,The dashboard plastics are decent neither too premium nor terribly cheap.,1,Neutral
REV_00963,Extremely harsh ride every road imperfection sends vibrations directly into the cabin spine.,0,Negative
REV_00346,Cruising at triple digits is effortless stability is rock solid and steering is precise.,2,Positive
REV_00403,Dealership delivered car on time with flawless customer support and transparent pricing.,2,Positive
REV_00932,The dashboard plastics are decent neither too premium nor terribly cheap.,1,Neutral
REV_00955,Infotainment screen is responsive Apple CarPlay connects seamlessly and audio is crisp.,2,Positive
REV_01125,Terrible lag in the AMT gearbox jerky gear shifts and constant hesitation when overtaking.,0,Negative
REV_00660,Extremely harsh ride every road imperfection sends vibrations directly into the cabin spine.,0,Negative
REV_00464,Braking bite is acceptable pedal feel is progressive under normal city driving.,1,Neutral
REV_00187,Incredible electric acceleration instant torque and regenerative braking works flawlessly.,2,Positive
REV_00609,A/C cooling is ineffective takes over twenty minutes to chill cabin on sunny afternoons.,0,Negative
REV_00144,Repeated battery drainage issues breakdown on highway stranded with family zero roadside assist.,0,Negative
REV_00752,Fuel mileage is around 14 kmpl which is standard for a 1.2 liter petrol engine.,1,Neutral
REV_00982,The ride comfort and suspension absorption on potholes is truly best in class.,2,Positive
REV_00198,Disastrous mileage barely gives 8 kmpl in city traffic company claims are completely false.,0,Negative
REV_00884,Braking bite is acceptable pedal feel is progressive under normal city driving.,1,Neutral
REV_00280,Dealership delivered car on time with flawless customer support and transparent pricing.,2,Positive
REV_00294,Shocking rattling noises from dashboard within two months and service center was unhelpful.,0,Negative
REV_01089,Shocking rattling noises from dashboard within two months and service center was unhelpful.,0,Negative
REV_00401,Infotainment has basic features bluetooth works fine but screen brightness is average.,1,Neutral
REV_00123,Shocking rattling noises from dashboard within two months and service center was unhelpful.,0,Negative
REV_00203,Cabin acoustics are okay slight wind noise above 90 kmh but manageable with music.,1,Neutral
REV_00836,Servicing cost was as quoted in the user manual no surprise charges but nothing special.,1,Neutral
REV_00247,Outstanding fuel economy and exceptionally smooth automatic transmission on highway.,2,Positive
REV_01140,Repeated battery drainage issues breakdown on highway stranded with family zero roadside assist.,0,Negative
REV_00385,Dealership delivered car on time with flawless customer support and transparent pricing.,2,Positive
REV_00855,A/C cooling is ineffective takes over twenty minutes to chill cabin on sunny afternoons.,0,Negative
REV_00220,Cruising at triple digits is effortless stability is rock solid and steering is precise.,2,Positive
REV_00642,A/C cooling is ineffective takes over twenty minutes to chill cabin on sunny afternoons.,0,Negative
REV_00002,Suspension is slightly stiff over bumps but handles straight highway roads decently.,1,Neutral
REV_00113,Infotainment has basic features bluetooth works fine but screen brightness is average.,1,Neutral
REV_00699,Touchscreen freezes repeatedly reverse camera fails to display and Bluetooth disconnects.,0,Negative
REV_00952,Tata build quality feels sturdy solid and the 5 star crash safety gives peace of mind.,2,Positive
REV_01079,Average vehicle performance adequate for daily office commute but lacks highway punch.,1,Neutral
REV_00442,The ride comfort and suspension absorption on potholes is truly best in class.,2,Positive
REV_00664,Incredible electric acceleration instant torque and regenerative braking works flawlessly.,2,Positive
REV_01197,A/C cooling is ineffective takes over twenty minutes to chill cabin on sunny afternoons.,0,Negative
REV_00318,Poor fit and finish uneven panel gaps water ingress in tail lamp during monsoon rain.,0,Negative
REV_00649,Spacious cabin excellent legroom and the ventilated leather seats are fantastic.,2,Positive
REV_00710,Suspension is slightly stiff over bumps but handles straight highway roads decently.,1,Neutral
REV_00973,Spacious cabin excellent legroom and the ventilated leather seats are fantastic.,2,Positive
REV_00628,Tata build quality feels sturdy solid and the 5 star crash safety gives peace of mind.,2,Positive
REV_00633,Steering feels dead vague centering and excessive body roll when cornering at speed.,0,Negative
REV_01172,Decent boot space for weekend luggage though three adults in the rear is a bit tight.,1,Neutral
REV_01107,Terrible lag in the AMT gearbox jerky gear shifts and constant hesitation when overtaking.,0,Negative
REV_00796,Dealership delivered car on time with flawless customer support and transparent pricing.,2,Positive
REV_00646,Incredible electric acceleration instant torque and regenerative braking works flawlessly.,2,Positive
REV_01013,Servicing cost was as quoted in the user manual no surprise charges but nothing special.,1,Neutral
REV_00557,Average vehicle performance adequate for daily office commute but lacks highway punch.,1,Neutral
REV_00682,Cruising at triple digits is effortless stability is rock solid and steering is precise.,2,Positive
REV_00578,The dashboard plastics are decent neither too premium nor terribly cheap.,1,Neutral
REV_00525,Repeated battery drainage issues breakdown on highway stranded with family zero roadside assist.,0,Negative
REV_01060,Cruising at triple digits is effortless stability is rock solid and steering is precise.,2,Positive
REV_00541,Spacious cabin excellent legroom and the ventilated leather seats are fantastic.,2,Positive
REV_00749,The dashboard plastics are decent neither too premium nor terribly cheap.,1,Neutral
REV_01110,Touchscreen freezes repeatedly reverse camera fails to display and Bluetooth disconnects.,0,Negative
REV_00485,Braking bite is acceptable pedal feel is progressive under normal city driving.,1,Neutral
REV_00096,Worst customer service experience dealership kept car for five days without diagnosing error.,0,Negative
REV_01021,Incredible electric acceleration instant torque and regenerative braking works flawlessly.,2,Positive
REV_00564,A/C cooling is ineffective takes over twenty minutes to chill cabin on sunny afternoons.,0,Negative
REV_00743,Cabin acoustics are okay slight wind noise above 90 kmh but manageable with music.,1,Neutral
REV_00864,Shocking rattling noises from dashboard within two months and service center was unhelpful.,0,Negative
REV_00892,Infotainment screen is responsive Apple CarPlay connects seamlessly and audio is crisp.,2,Positive
REV_01039,Incredible electric acceleration instant torque and regenerative braking works flawlessly.,2,Positive
REV_00207,Disastrous mileage barely gives 8 kmpl in city traffic company claims are completely false.,0,Negative
REV_00393,Terrible lag in the AMT gearbox jerky gear shifts and constant hesitation when overtaking.,0,Negative
REV_00795,Steering feels dead vague centering and excessive body roll when cornering at speed.,0,Negative
REV_00871,Infotainment screen is responsive Apple CarPlay connects seamlessly and audio is crisp.,2,Positive
REV_00398,Servicing cost was as quoted in the user manual no surprise charges but nothing special.,1,Neutral
REV_00767,Cabin acoustics are okay slight wind noise above 90 kmh but manageable with music.,1,Neutral
REV_01100,Decent boot space for weekend luggage though three adults in the rear is a bit tight.,1,Neutral
REV_01029,Repeated battery drainage issues breakdown on highway stranded with family zero roadside assist.,0,Negative
REV_00643,Outstanding fuel economy and exceptionally smooth automatic transmission on highway.,2,Positive
REV_00613,Super quiet cabin NVH insulation is refined and highway mileage exceeded expectations.,2,Positive
REV_00961,Best car in the compact SUV segment superb ground clearance and commanding road presence.,2,Positive
REV_00726,Disastrous mileage barely gives 8 kmpl in city traffic company claims are completely false.,0,Negative
REV_00684,Worst customer service experience dealership kept car for five days without diagnosing error.,0,Negative
REV_00099,Steering feels dead vague centering and excessive body roll when cornering at speed.,0,Negative
REV_00805,Best car in the compact SUV segment superb ground clearance and commanding road presence.,2,Positive
REV_00407,The dashboard plastics are decent neither too premium nor terribly cheap.,1,Neutral
REV_00503,Average vehicle performance adequate for daily office commute but lacks highway punch.,1,Neutral
REV_01072,Outstanding fuel economy and exceptionally smooth automatic transmission on highway.,2,Positive
REV_01057,Infotainment screen is responsive Apple CarPlay connects seamlessly and audio is crisp.,2,Positive
REV_00930,Repeated battery drainage issues breakdown on highway stranded with family zero roadside assist.,0,Negative
REV_00780,Worst customer service experience dealership kept car for five days without diagnosing error.,0,Negative
REV_00201,A/C cooling is ineffective takes over twenty minutes to chill cabin on sunny afternoons.,0,Negative
REV_00135,Touchscreen freezes repeatedly reverse camera fails to display and Bluetooth disconnects.,0,Negative
REV_01052,The dashboard plastics are decent neither too premium nor terribly cheap.,1,Neutral
REV_00041,Cabin acoustics are okay slight wind noise above 90 kmh but manageable with music.,1,Neutral
REV_01018,Dealership delivered car on time with flawless customer support and transparent pricing.,2,Positive
REV_00231,Disastrous mileage barely gives 8 kmpl in city traffic company claims are completely false.,0,Negative
REV_00379,Super quiet cabin NVH insulation is refined and highway mileage exceeded expectations.,2,Positive
REV_00289,Outstanding fuel economy and exceptionally smooth automatic transmission on highway.,2,Positive
REV_00419,Infotainment has basic features bluetooth works fine but screen brightness is average.,1,Neutral
REV_00392,Infotainment has basic features bluetooth works fine but screen brightness is average.,1,Neutral
REV_00593,The dashboard plastics are decent neither too premium nor terribly cheap.,1,Neutral
REV_01087,The ride comfort and suspension absorption on potholes is truly best in class.,2,Positive
REV_00648,Steering feels dead vague centering and excessive body roll when cornering at speed.,0,Negative
REV_00521,Suspension is slightly stiff over bumps but handles straight highway roads decently.,1,Neutral
REV_00065,Fuel mileage is around 14 kmpl which is standard for a 1.2 liter petrol engine.,1,Neutral
REV_00015,A/C cooling is ineffective takes over twenty minutes to chill cabin on sunny afternoons.,0,Negative
REV_01065,Touchscreen freezes repeatedly reverse camera fails to display and Bluetooth disconnects.,0,Negative
REV_00493,Cruising at triple digits is effortless stability is rock solid and steering is precise.,2,Positive
REV_00380,The dashboard plastics are decent neither too premium nor terribly cheap.,1,Neutral
REV_00188,Styling is conventional blend in with traffic neither striking nor ugly.,1,Neutral
REV_00764,Cabin acoustics are okay slight wind noise above 90 kmh but manageable with music.,1,Neutral
REV_00217,Cruising at triple digits is effortless stability is rock solid and steering is precise.,2,Positive
REV_00792,A/C cooling is ineffective takes over twenty minutes to chill cabin on sunny afternoons.,0,Negative
REV_01077,Terrible lag in the AMT gearbox jerky gear shifts and constant hesitation when overtaking.,0,Negative
REV_00879,Disastrous mileage barely gives 8 kmpl in city traffic company claims are completely false.,0,Negative
REV_00338,Cabin acoustics are okay slight wind noise above 90 kmh but manageable with music.,1,Neutral
REV_00720,Disastrous mileage barely gives 8 kmpl in city traffic company claims are completely false.,0,Negative
REV_00296,Average vehicle performance adequate for daily office commute but lacks highway punch.,1,Neutral
REV_01017,A/C cooling is ineffective takes over twenty minutes to chill cabin on sunny afternoons.,0,Negative
REV_00456,Worst customer service experience dealership kept car for five days without diagnosing error.,0,Negative
REV_00816,Touchscreen freezes repeatedly reverse camera fails to display and Bluetooth disconnects.,0,Negative
REV_00270,Extremely harsh ride every road imperfection sends vibrations directly into the cabin spine.,0,Negative
REV_00996,Worst customer service experience dealership kept car for five days without diagnosing error.,0,Negative
REV_00202,Outstanding fuel economy and exceptionally smooth automatic transmission on highway.,2,Positive
REV_00162,Poor fit and finish uneven panel gaps water ingress in tail lamp during monsoon rain.,0,Negative
REV_00730,Spacious cabin excellent legroom and the ventilated leather seats are fantastic.,2,Positive
REV_00402,Terrible lag in the AMT gearbox jerky gear shifts and constant hesitation when overtaking.,0,Negative
REV_00703,The ride comfort and suspension absorption on potholes is truly best in class.,2,Positive
REV_01130,Braking bite is acceptable pedal feel is progressive under normal city driving.,1,Neutral
REV_00566,Styling is conventional blend in with traffic neither striking nor ugly.,1,Neutral
REV_01022,Styling is conventional blend in with traffic neither striking nor ugly.,1,Neutral
REV_01026,Steering feels dead vague centering and excessive body roll when cornering at speed.,0,Negative
REV_01105,Tata build quality feels sturdy solid and the 5 star crash safety gives peace of mind.,2,Positive
REV_00206,Suspension is slightly stiff over bumps but handles straight highway roads decently.,1,Neutral
REV_00035,Decent boot space for weekend luggage though three adults in the rear is a bit tight.,1,Neutral
REV_00776,The dashboard plastics are decent neither too premium nor terribly cheap.,1,Neutral
REV_00509,Suspension is slightly stiff over bumps but handles straight highway roads decently.,1,Neutral
REV_01184,Servicing cost was as quoted in the user manual no surprise charges but nothing special.,1,Neutral
REV_00092,Average vehicle performance adequate for daily office commute but lacks highway punch.,1,Neutral
REV_00898,Cruising at triple digits is effortless stability is rock solid and steering is precise.,2,Positive
REV_00565,Dealership delivered car on time with flawless customer support and transparent pricing.,2,Positive
REV_00777,Disastrous mileage barely gives 8 kmpl in city traffic company claims are completely false.,0,Negative
REV_00242,The dashboard plastics are decent neither too premium nor terribly cheap.,1,Neutral
REV_00014,The dashboard plastics are decent neither too premium nor terribly cheap.,1,Neutral
REV_00316,Super quiet cabin NVH insulation is refined and highway mileage exceeded expectations.,2,Positive
REV_00601,Incredible electric acceleration instant torque and regenerative braking works flawlessly.,2,Positive
REV_00388,Super quiet cabin NVH insulation is refined and highway mileage exceeded expectations.,2,Positive
REV_00167,Styling is conventional blend in with traffic neither striking nor ugly.,1,Neutral
REV_00841,Dealership delivered car on time with flawless customer support and transparent pricing.,2,Positive
REV_00021,Extremely harsh ride every road imperfection sends vibrations directly into the cabin spine.,0,Negative
REV_00647,Styling is conventional blend in with traffic neither striking nor ugly.,1,Neutral
REV_01155,Repeated battery drainage issues breakdown on highway stranded with family zero roadside assist.,0,Negative
REV_00832,Outstanding fuel economy and exceptionally smooth automatic transmission on highway.,2,Positive
REV_00563,The dashboard plastics are decent neither too premium nor terribly cheap.,1,Neutral
REV_01171,Cruising at triple digits is effortless stability is rock solid and steering is precise.,2,Positive
REV_00687,A/C cooling is ineffective takes over twenty minutes to chill cabin on sunny afternoons.,0,Negative
REV_00958,Dealership delivered car on time with flawless customer support and transparent pricing.,2,Positive
REV_00190,Dealership delivered car on time with flawless customer support and transparent pricing.,2,Positive
REV_00976,Cruising at triple digits is effortless stability is rock solid and steering is precise.,2,Positive
REV_00700,Tata build quality feels sturdy solid and the 5 star crash safety gives peace of mind.,2,Positive
REV_00511,Tata build quality feels sturdy solid and the 5 star crash safety gives peace of mind.,2,Positive
REV_01083,Shocking rattling noises from dashboard within two months and service center was unhelpful.,0,Negative
REV_00475,The ride comfort and suspension absorption on potholes is truly best in class.,2,Positive
REV_00857,Braking bite is acceptable pedal feel is progressive under normal city driving.,1,Neutral
REV_00748,Tata build quality feels sturdy solid and the 5 star crash safety gives peace of mind.,2,Positive
REV_00253,Spacious cabin excellent legroom and the ventilated leather seats are fantastic.,2,Positive
REV_00022,Outstanding fuel economy and exceptionally smooth automatic transmission on highway.,2,Positive
REV_00460,Tata build quality feels sturdy solid and the 5 star crash safety gives peace of mind.,2,Positive
REV_00277,Outstanding fuel economy and exceptionally smooth automatic transmission on highway.,2,Positive
REV_00956,Average vehicle performance adequate for daily office commute but lacks highway punch.,1,Neutral
REV_00386,Styling is conventional blend in with traffic neither striking nor ugly.,1,Neutral
REV_00806,Average vehicle performance adequate for daily office commute but lacks highway punch.,1,Neutral
REV_00344,Suspension is slightly stiff over bumps but handles straight highway roads decently.,1,Neutral
REV_00770,Average vehicle performance adequate for daily office commute but lacks highway punch.,1,Neutral
REV_00131,Suspension is slightly stiff over bumps but handles straight highway roads decently.,1,Neutral
REV_00872,Average vehicle performance adequate for daily office commute but lacks highway punch.,1,Neutral
REV_01124,The dashboard plastics are decent neither too premium nor terribly cheap.,1,Neutral
REV_00088,Outstanding fuel economy and exceptionally smooth automatic transmission on highway.,2,Positive
REV_00331,Spacious cabin excellent legroom and the ventilated leather seats are fantastic.,2,Positive
REV_00467,Styling is conventional blend in with traffic neither striking nor ugly.,1,Neutral
REV_00122,Styling is conventional blend in with traffic neither striking nor ugly.,1,Neutral
REV_01045,Super quiet cabin NVH insulation is refined and highway mileage exceeded expectations.,2,Positive
REV_01096,Tata build quality feels sturdy solid and the 5 star crash safety gives peace of mind.,2,Positive
REV_01131,Disastrous mileage barely gives 8 kmpl in city traffic company claims are completely false.,0,Negative
REV_00861,Touchscreen freezes repeatedly reverse camera fails to display and Bluetooth disconnects.,0,Negative
REV_01127,Fuel mileage is around 14 kmpl which is standard for a 1.2 liter petrol engine.,1,Neutral
